country,Item,year,avg_temp_c,total_precip_mm,soil_ph,organic_matter,clay_pct,Superficie (ha),Production (t),Rendement (kg/ha)
Benin,"Cassava, fresh",2000,26.90737704918033,1298.6,6.2,242.0,167.0,219404.0,2350210.0,10711.8
Benin,"Cassava, fresh",2001,26.925205479452057,984.6,6.2,242.0,167.0,240048.0,2703460.0,11262.2
Benin,"Cassava, fresh",2002,27.00109589041096,1332.9,6.2,242.0,167.0,261750.0,3154910.0,12053.1
Benin,"Cassava, fresh",2003,27.22328767123288,1153.4,6.2,242.0,167.0,237894.0,3054781.0,12840.9
Benin,"Cassava, fresh",2004,26.996721311475408,983.2,6.2,242.0,167.0,226434.0,2955015.0,13050.2
Benin,"Cassava, fresh",2005,27.24054794520548,1041.3,6.2,242.0,167.0,222419.0,2861369.0,12864.8
Benin,"Cassava, fresh",2006,27.24328767123288,1222.7,6.2,242.0,167.0,218270.0,2808892.0,12868.9
Benin,"Cassava, fresh",2007,27.01150684931507,1065.8,6.2,242.0,167.0,167100.0,2284057.0,13668.8
Benin,"Cassava, fresh",2008,27.03415300546448,1139.5,6.2,242.0,167.0,265500.0,3144550.8,11843.9
Benin,"Cassava, fresh",2009,27.315068493150687,1156.8,6.2,242.0,167.0,257407.0,3787917.8,14715.7
Benin,"Cassava, fresh",2010,27.215068493150685,1211.1,6.2,242.0,167.0,285765.0,3444949.8,12055.2
Benin,"Cassava, fresh",2011,27.081917808219178,891.2,6.2,242.0,167.0,209812.0,3645924.0,17377.1
Benin,"Cassava, fresh",2012,26.84754098360656,1259.5,6.2,242.0,167.0,247754.0,3645978.06,14716.1
Benin,"Cassava, fresh",2013,27.231506849315068,1090.6,6.2,242.0,167.0,265697.0,3910035.7,14716.1
Benin,"Cassava, fresh",2014,27.158082191780824,1281.9,6.2,242.0,167.0,296641.0,4066710.54,13709.2
Benin,"Cassava, fresh",2015,27.196164383561644,1161.1,6.2,242.0,167.0,284033.0,3420665.0,12043.2
Benin,"Cassava, fresh",2016,27.36202185792349,1293.3,6.2,242.0,167.0,297978.0,3892287.41,13062.3
Benin,"Cassava, fresh",2017,26.78602739726028,1002.4,6.2,242.0,167.0,306703.0,3959450.03,12909.7
Benin,"Cassava, fresh",2018,26.24082191780822,1355.7,6.2,242.0,167.0,280810.0,3819804.45,13602.8
Benin,"Cassava, fresh",2019,26.510410958904107,1281.7,6.2,242.0,167.0,319299.0,4525450.0,14173.1
Benin,"Cassava, fresh",2020,26.49617486338797,931.5,6.2,242.0,167.0,346382.0,4161659.98,12014.6
Benin,"Cassava, fresh",2021,26.6882191780822,879.1,6.2,242.0,167.0,362000.0,4218991.63,11654.7
Benin,"Cassava, fresh",2022,26.12602739726028,978.3,6.2,242.0,167.0,388908.0,4350053.57,11185.3
Benin,"Cassava, fresh",2023,26.76821917808219,857.6,6.2,242.0,167.0,330090.0,4449430.0,13479.4
Benin,Maize (corn),2000,26.90737704918033,1298.6,6.2,242.0,167.0,653630.0,750442.0,1148.1
Benin,Maize (corn),2001,26.925205479452057,984.6,6.2,242.0,167.0,623412.0,685902.0,1100.2
Benin,Maize (corn),2002,27.00109589041096,1332.9,6.2,242.0,167.0,684882.0,797496.0,1164.4
Benin,Maize (corn),2003,27.22328767123288,1153.4,6.2,242.0,167.0,662533.0,788320.0,1189.9
Benin,Maize (corn),2004,26.996721311475408,983.2,6.2,242.0,167.0,714154.0,842017.0,1179.0
Benin,Maize (corn),2005,27.24054794520548,1041.3,6.2,242.0,167.0,755397.0,864698.0,1144.7
Benin,Maize (corn),2006,27.24328767123288,1222.7,6.2,242.0,167.0,704610.0,864772.0,1227.3
Benin,Maize (corn),2007,27.01150684931507,1065.8,6.2,242.0,167.0,698120.0,931600.0,1334.4
Benin,Maize (corn),2008,27.03415300546448,1139.5,6.2,242.0,167.0,867154.0,978063.0,1127.9
Benin,Maize (corn),2009,27.315068493150687,1156.8,6.2,242.0,167.0,862281.0,1205200.0,1397.7
Benin,Maize (corn),2010,27.215068493150685,1211.1,6.2,242.0,167.0,918237.0,1012630.0,1102.8
Benin,Maize (corn),2011,27.081917808219178,891.2,6.2,242.0,167.0,820161.0,1165957.0,1421.6
Benin,Maize (corn),2012,26.84754098360656,1259.5,6.2,242.0,167.0,938846.0,1185019.9,1262.2
Benin,Maize (corn),2013,27.231506849315068,1090.6,6.2,242.0,167.0,1006289.0,1316597.69,1308.4
Benin,Maize (corn),2014,27.158082191780824,1281.9,6.2,242.0,167.0,968030.0,1354344.16,1399.1
Benin,Maize (corn),2015,27.196164383561644,1161.1,6.2,242.0,167.0,1003715.0,1286059.66,1281.3
Benin,Maize (corn),2016,27.36202185792349,1293.3,6.2,242.0,167.0,1000361.0,1376682.55,1376.2
Benin,Maize (corn),2017,26.78602739726028,1002.4,6.2,242.0,167.0,1100513.0,1454284.09,1321.5
Benin,Maize (corn),2018,26.24082191780822,1355.7,6.2,242.0,167.0,1157805.0,1509758.35,1304.0
Benin,Maize (corn),2019,26.510410958904107,1281.7,6.2,242.0,167.0,1470250.0,1580750.0,1075.2
Benin,Maize (corn),2020,26.49617486338797,931.5,6.2,242.0,167.0,1267159.0,1611615.13,1271.8
Benin,Maize (corn),2021,26.6882191780822,879.1,6.2,242.0,167.0,1349543.0,1628148.88,1206.4
Benin,Maize (corn),2022,26.12602739726028,978.3,6.2,242.0,167.0,1391073.0,1619605.06,1164.3
Benin,Maize (corn),2023,26.76821917808219,857.6,6.2,242.0,167.0,2075990.0,2059254.0,991.9
Benin,Millet,2000,26.90737704918033,1298.6,6.2,242.0,167.0,44259.0,36352.0,821.3
Benin,Millet,2001,26.925205479452057,984.6,6.2,242.0,167.0,46211.0,34969.0,756.7
Benin,Millet,2002,27.00109589041096,1332.9,6.2,242.0,167.0,50905.0,40751.0,800.5
Benin,Millet,2003,27.22328767123288,1153.4,6.2,242.0,167.0,45361.0,35457.0,781.7
Benin,Millet,2004,26.996721311475408,983.2,6.2,242.0,167.0,44762.0,36817.0,822.5
Benin,Millet,2005,27.24054794520548,1041.3,6.2,242.0,167.0,45517.0,37707.0,828.4
Benin,Millet,2006,27.24328767123288,1222.7,6.2,242.0,167.0,43368.0,34995.0,806.9
Benin,Millet,2007,27.01150684931507,1065.8,6.2,242.0,167.0,37242.0,35303.0,947.9
Benin,Millet,2008,27.03415300546448,1139.5,6.2,242.0,167.0,44714.0,36283.0,811.4
Benin,Millet,2009,27.315068493150687,1156.8,6.2,242.0,167.0,34008.0,27432.0,806.6
Benin,Millet,2010,27.215068493150685,1211.1,6.2,242.0,167.0,31794.0,26926.0,846.9
Benin,Millet,2011,27.081917808219178,891.2,6.2,242.0,167.0,28388.0,24690.0,869.7
Benin,Millet,2012,26.84754098360656,1259.5,6.2,242.0,167.0,34464.0,29580.65,858.3
Benin,Millet,2013,27.231506849315068,1090.6,6.2,242.0,167.0,27374.0,23495.42,858.3
Benin,Millet,2014,27.158082191780824,1281.9,6.2,242.0,167.0,27724.0,23668.29,853.7
Benin,Millet,2015,27.196164383561644,1161.1,6.2,242.0,167.0,26670.0,21640.16,811.4
Benin,Millet,2016,27.36202185792349,1293.3,6.2,242.0,167.0,29390.0,25182.16,856.8
Benin,Millet,2017,26.78602739726028,1002.4,6.2,242.0,167.0,28696.0,24716.7,861.3
Benin,Millet,2018,26.24082191780822,1355.7,6.2,242.0,167.0,28856.0,26142.8,906.0
Benin,Millet,2019,26.510410958904107,1281.7,6.2,242.0,167.0,29135.0,26250.0,901.0
Benin,Millet,2020,26.49617486338797,931.5,6.2,242.0,167.0,23807.0,27293.54,1146.4
Benin,Millet,2021,26.6882191780822,879.1,6.2,242.0,167.0,23222.0,23455.56,1010.1
Benin,Millet,2022,26.12602739726028,978.3,6.2,242.0,167.0,25654.0,23990.04,935.2
Benin,Millet,2023,26.76821917808219,857.6,6.2,242.0,167.0,47732.0,34229.06,717.1
Benin,Rice,2000,26.90737704918033,1298.6,6.2,242.0,167.0,23323.0,49245.0,2111.4
Benin,Rice,2001,26.925205479452057,984.6,6.2,242.0,167.0,26504.0,54901.0,2071.4
Benin,Rice,2002,27.00109589041096,1332.9,6.2,242.0,167.0,28787.0,63219.0,2196.1
Benin,Rice,2003,27.22328767123288,1153.4,6.2,242.0,167.0,23440.0,54183.0,2311.6
Benin,Rice,2004,26.996721311475408,983.2,6.2,242.0,167.0,24754.0,64699.0,2613.7
Benin,Rice,2005,27.24054794520548,1041.3,6.2,242.0,167.0,28904.0,78329.0,2710.0
Benin,Rice,2006,27.24328767123288,1222.7,6.2,242.0,167.0,26108.0,61818.0,2367.8
Benin,Rice,2007,27.01150684931507,1065.8,6.2,242.0,167.0,27395.0,72960.0,2663.3
Benin,Rice,2008,27.03415300546448,1139.5,6.2,242.0,167.0,33294.0,109371.0,3285.0
Benin,Rice,2009,27.315068493150687,1156.8,6.2,242.0,167.0,40274.0,150604.0,3739.5
Benin,Rice,2010,27.215068493150685,1211.1,6.2,242.0,167.0,47058.0,124974.72,2655.8
Benin,Rice,2011,27.081917808219178,891.2,6.2,242.0,167.0,55797.0,219626.0,3936.2
Benin,Rice,2012,26.84754098360656,1259.5,6.2,242.0,167.0,65730.0,216644.28,3296.0
Benin,Rice,2013,27.231506849315068,1090.6,6.2,242.0,167.0,110009.0,362589.0,3296.0
Benin,Rice,2014,27.158082191780824,1281.9,6.2,242.0,167.0,74586.0,234144.65,3139.3
Benin,Rice,2015,27.196164383561644,1161.1,6.2,242.0,167.0,65305.0,204309.71,3128.5
Benin,Rice,2016,27.36202185792349,1293.3,6.2,242.0,167.0,82351.0,281427.62,3417.4
Benin,Rice,2017,26.78602739726028,1002.4,6.2,242.0,167.0,78969.0,278717.55,3529.5
Benin,Rice,2018,26.24082191780822,1355.7,6.2,242.0,167.0,135185.0,459313.02,3397.7
Benin,Rice,2019,26.510410958904107,1281.7,6.2,242.0,167.0,102415.0,406082.78,3965.1
Benin,Rice,2020,26.49617486338797,931.5,6.2,242.0,167.0,104586.0,411578.14,3935.3
Benin,Rice,2021,26.6882191780822,879.1,6.2,242.0,167.0,126748.0,519666.84,4100.0
Benin,Rice,2022,26.12602739726028,978.3,6.2,242.0,167.0,134840.0,525014.19,3893.6
Benin,Rice,2023,26.76821917808219,857.6,6.2,242.0,167.0,132046.0,492626.2,3730.7
Benin,Sorghum,2000,26.90737704918033,1298.6,6.2,242.0,167.0,176533.0,155275.0,879.6
Benin,Sorghum,2001,26.925205479452057,984.6,6.2,242.0,167.0,182644.0,165342.0,905.3
Benin,Sorghum,2002,27.00109589041096,1332.9,6.2,242.0,167.0,193106.0,182639.0,945.8
Benin,Sorghum,2003,27.22328767123288,1153.4,6.2,242.0,167.0,173695.0,163276.0,940.0
Benin,Sorghum,2004,26.996721311475408,983.2,6.2,242.0,167.0,181269.0,163831.0,903.8
Benin,Sorghum,2005,27.24054794520548,1041.3,6.2,242.0,167.0,180594.0,169235.0,937.1
Benin,Sorghum,2006,27.24328767123288,1222.7,6.2,242.0,167.0,143947.0,133020.0,924.1
Benin,Sorghum,2007,27.01150684931507,1065.8,6.2,242.0,167.0,135531.0,117322.0,865.6
Benin,Sorghum,2008,27.03415300546448,1139.5,6.2,242.0,167.0,145699.0,142016.0,974.7
Benin,Sorghum,2009,27.315068493150687,1156.8,6.2,242.0,167.0,121169.0,123959.0,1023.0
Benin,Sorghum,2010,27.215068493150685,1211.1,6.2,242.0,167.0,112105.0,168090.0,1499.4
Benin,Sorghum,2011,27.081917808219178,891.2,6.2,242.0,167.0,111874.0,133213.0,1190.7
Benin,Sorghum,2012,26.84754098360656,1259.5,6.2,242.0,167.0,106903.0,143791.69,1345.1
Benin,Sorghum,2013,27.231506849315068,1090.6,6.2,242.0,167.0,65482.0,88077.85,1345.1
Benin,Sorghum,2014,27.158082191780824,1281.9,6.2,242.0,167.0,101513.0,100248.91,987.5
Benin,Sorghum,2015,27.196164383561644,1161.1,6.2,242.0,167.0,131553.0,129674.47,985.7
Benin,Sorghum,2016,27.36202185792349,1293.3,6.2,242.0,167.0,131906.0,129665.44,983.0
Benin,Sorghum,2017,26.78602739726028,1002.4,6.2,242.0,167.0,139697.0,138391.3,990.7
Benin,Sorghum,2018,26.24082191780822,1355.7,6.2,242.0,167.0,292898.0,319174.59,1089.7
Benin,Sorghum,2019,26.510410958904107,1281.7,6.2,242.0,167.0,151065.0,160000.0,1059.1
Benin,Sorghum,2020,26.49617486338797,931.5,6.2,242.0,167.0,134693.0,148235.93,1100.5
Benin,Sorghum,2021,26.6882191780822,879.1,6.2,242.0,167.0,132115.0,133093.31,1007.4
Benin,Sorghum,2022,26.12602739726028,978.3,6.2,242.0,167.0,127291.0,124235.65,976.0
Benin,Sorghum,2023,26.76821917808219,857.6,6.2,242.0,167.0,172587.0,150464.9,871.8
Burkina Faso,"Cassava, fresh",2000,27.98415300546448,612.5,6.3,86.0,163.0,351.0,4433.19,12631.2
Burkina Faso,"Cassava, fresh",2001,28.34109589041096,597.8,6.3,86.0,163.0,349.0,4542.61,13024.5
Burkina Faso,"Cassava, fresh",2002,28.66767123287672,509.9,6.3,86.0,163.0,365.0,4877.02,13365.7
Burkina Faso,"Cassava, fresh",2003,28.45890410958904,699.4,6.3,86.0,163.0,384.0,5243.25,13663.6
Burkina Faso,"Cassava, fresh",2004,28.89590163934426,392.8,6.3,86.0,163.0,401.0,5587.44,13929.3
Burkina Faso,"Cassava, fresh",2005,28.94082191780822,401.9,6.3,86.0,163.0,410.0,5909.28,14408.2
Burkina Faso,"Cassava, fresh",2006,28.68739726027397,471.7,6.3,86.0,163.0,448.0,6525.26,14563.0
Burkina Faso,"Cassava, fresh",2007,28.503561643835614,405.8,6.3,86.0,163.0,313.0,4606.0,14713.0
Burkina Faso,"Cassava, fresh",2008,28.054098360655736,535.0,6.3,86.0,163.0,603.0,8955.58,14840.1
Burkina Faso,"Cassava, fresh",2009,28.703835616438354,456.7,6.3,86.0,163.0,755.0,11289.46,14947.6
Burkina Faso,"Cassava, fresh",2010,28.76684931506849,610.4,6.3,86.0,163.0,906.0,13629.92,15038.4
Burkina Faso,"Cassava, fresh",2011,28.778630136986305,414.1,6.3,86.0,163.0,1076.0,16270.41,15114.9
Burkina Faso,"Cassava, fresh",2012,28.44808743169399,620.2,6.3,86.0,163.0,1208.0,18334.13,15179.2
Burkina Faso,"Cassava, fresh",2013,28.64849315068493,514.4,6.3,86.0,163.0,1510.0,23000.0,15233.0
Burkina Faso,"Cassava, fresh",2014,28.82383561643836,451.7,6.3,86.0,163.0,1505.0,23000.0,15277.8
Burkina Faso,"Cassava, fresh",2015,28.438904109589043,628.8,6.3,86.0,163.0,1502.0,23000.0,15315.0
Burkina Faso,"Cassava, fresh",2016,28.66857923497268,708.2,6.3,86.0,163.0,1500.0,23000.0,15333.3
Burkina Faso,"Cassava, fresh",2017,28.088219178082195,481.2,6.3,86.0,163.0,1500.0,23000.0,15333.3
Burkina Faso,"Cassava, fresh",2018,28.12246575342466,648.5,6.3,86.0,163.0,1100.0,17000.0,15454.5
Burkina Faso,"Cassava, fresh",2019,28.10383561643836,710.7,6.3,86.0,163.0,1100.0,17000.0,15454.5
Burkina Faso,"Cassava, fresh",2020,28.251639344262298,576.9,6.3,86.0,163.0,1100.0,17000.0,15457.5
Burkina Faso,"Cassava, fresh",2021,28.593424657534246,444.0,6.3,86.0,163.0,1105.0,17254.76,15612.8
Burkina Faso,"Cassava, fresh",2022,27.568493150684933,904.8,6.3,86.0,163.0,1108.0,17356.95,15662.3
Burkina Faso,"Cassava, fresh",2023,28.155890410958904,699.6,6.3,86.0,163.0,1072.0,16850.26,15715.1
Burkina Faso,Maize (corn),2000,27.98415300546448,612.5,6.3,86.0,163.0,241401.0,423494.0,1754.3
Burkina Faso,Maize (corn),2001,28.34109589041096,597.8,6.3,86.0,163.0,334682.0,606291.0,1811.5
Burkina Faso,Maize (corn),2002,28.66767123287672,509.9,6.3,86.0,163.0,375755.0,653081.0,1738.1
Burkina Faso,Maize (corn),2003,28.45890410958904,699.4,6.3,86.0,163.0,435425.0,665508.0,1528.4
Burkina Faso,Maize (corn),2004,28.89590163934426,392.8,6.3,86.0,163.0,380124.0,481474.0,1266.6
Burkina Faso,Maize (corn),2005,28.94082191780822,401.9,6.3,86.0,163.0,442497.0,799052.0,1805.8
Burkina Faso,Maize (corn),2006,28.68739726027397,471.7,6.3,86.0,163.0,445732.0,866664.0,1944.4
Burkina Faso,Maize (corn),2007,28.503561643835614,405.8,6.3,86.0,163.0,471927.0,553874.0,1173.6
Burkina Faso,Maize (corn),2008,28.054098360655736,535.0,6.3,86.0,163.0,608368.0,1013634.0,1666.2
Burkina Faso,Maize (corn),2009,28.703835616438354,456.7,6.3,86.0,163.0,585230.0,894558.0,1528.6
Burkina Faso,Maize (corn),2010,28.76684931506849,610.4,6.3,86.0,163.0,790321.0,1133452.0,1434.2
Burkina Faso,Maize (corn),2011,28.778630136986305,414.1,6.3,86.0,163.0,701196.0,1076753.0,1535.6
Burkina Faso,Maize (corn),2012,28.44808743169399,620.2,6.3,86.0,163.0,846488.0,1556316.0,1838.6
Burkina Faso,Maize (corn),2013,28.64849315068493,514.4,6.3,86.0,163.0,913630.0,1585418.0,1735.3
Burkina Faso,Maize (corn),2014,28.82383561643836,451.7,6.3,86.0,163.0,749935.0,1433085.0,1910.9
Burkina Faso,Maize (corn),2015,28.438904109589043,628.8,6.3,86.0,163.0,820117.0,1469612.0,1792.0
Burkina Faso,Maize (corn),2016,28.66857923497268,708.2,6.3,86.0,163.0,911728.0,1602525.0,1757.7
Burkina Faso,Maize (corn),2017,28.088219178082195,481.2,6.3,86.0,163.0,956386.0,1533431.0,1603.4
Burkina Faso,Maize (corn),2018,28.12246575342466,648.5,6.3,86.0,163.0,1019181.0,1700127.04,1668.1
Burkina Faso,Maize (corn),2019,28.10383561643836,710.7,6.3,86.0,163.0,1014907.0,1710897.56,1685.8
Burkina Faso,Maize (corn),2020,28.251639344262298,576.9,6.3,86.0,163.0,1089389.0,1920101.0,1762.5
Burkina Faso,Maize (corn),2021,28.593424657534246,444.0,6.3,86.0,163.0,1218764.0,1853510.0,1520.8
Burkina Faso,Maize (corn),2022,27.568493150684933,904.8,6.3,86.0,163.0,1090429.0,1810276.28,1660.2
Burkina Faso,Maize (corn),2023,28.155890410958904,699.6,6.3,86.0,163.0,1219167.0,1995359.46,1636.7
Burkina Faso,Millet,2000,27.98415300546448,612.5,6.3,86.0,163.0,1138581.0,725613.0,637.3
Burkina Faso,Millet,2001,28.34109589041096,597.8,6.3,86.0,163.0,1322953.0,1009044.0,762.7
Burkina Faso,Millet,2002,28.66767123287672,509.9,6.3,86.0,163.0,1389618.0,994661.0,715.8
Burkina Faso,Millet,2003,28.45890410958904,699.4,6.3,86.0,163.0,1406438.0,1184283.0,842.0
Burkina Faso,Millet,2004,28.89590163934426,392.8,6.3,86.0,163.0,1205420.0,937630.0,777.8
Burkina Faso,Millet,2005,28.94082191780822,401.9,6.3,86.0,163.0,1309710.0,1196253.0,913.4
Burkina Faso,Millet,2006,28.68739726027397,471.7,6.3,86.0,163.0,1223585.0,1175040.0,960.3
Burkina Faso,Millet,2007,28.503561643835614,405.8,6.3,86.0,163.0,1182665.0,966016.0,816.8
Burkina Faso,Millet,2008,28.054098360655736,535.0,6.3,86.0,163.0,1577220.0,1255189.0,795.8
Burkina Faso,Millet,2009,28.703835616438354,456.7,6.3,86.0,163.0,1255085.0,970927.0,773.6
Burkina Faso,Millet,2010,28.76684931506849,610.4,6.3,86.0,163.0,1361835.0,1147894.0,842.9
Burkina Faso,Millet,2011,28.778630136986305,414.1,6.3,86.0,163.0,1143410.0,828741.0,724.8
Burkina Faso,Millet,2012,28.44808743169399,620.2,6.3,86.0,163.0,1272901.0,1078374.0,847.2
Burkina Faso,Millet,2013,28.64849315068493,514.4,6.3,86.0,163.0,1327078.0,1078570.0,812.7
Burkina Faso,Millet,2014,28.82383561643836,451.7,6.3,86.0,163.0,1192006.0,972539.0,815.9
Burkina Faso,Millet,2015,28.438904109589043,628.8,6.3,86.0,163.0,1160718.0,946184.0,815.2
Burkina Faso,Millet,2016,28.66857923497268,708.2,6.3,86.0,163.0,1187397.0,905071.0,762.2
Burkina Faso,Millet,2017,28.088219178082195,481.2,6.3,86.0,163.0,1222575.0,828234.0,677.5
Burkina Faso,Millet,2018,28.12246575342466,648.5,6.3,86.0,163.0,1393878.0,1189078.56,853.1
Burkina Faso,Millet,2019,28.10383561643836,710.7,6.3,86.0,163.0,1176512.0,970175.88,824.6
Burkina Faso,Millet,2020,28.251639344262298,576.9,6.3,86.0,163.0,1065735.0,957253.0,898.2
Burkina Faso,Millet,2021,28.593424657534246,444.0,6.3,86.0,163.0,976335.0,705344.0,722.4
Burkina Faso,Millet,2022,27.568493150684933,904.8,6.3,86.0,163.0,1043257.0,907744.77,870.1
Burkina Faso,Millet,2023,28.155890410958904,699.6,6.3,86.0,163.0,963108.0,861038.55,894.0
Burkina Faso,Rice,2000,27.98415300546448,612.5,6.3,86.0,163.0,40150.0,103087.0,2567.5
Burkina Faso,Rice,2001,28.34109589041096,597.8,6.3,86.0,163.0,58456.0,109868.0,1879.5
Burkina Faso,Rice,2002,28.66767123287672,509.9,6.3,86.0,163.0,46871.0,89104.0,1901.0
Burkina Faso,Rice,2003,28.45890410958904,699.4,6.3,86.0,163.0,47755.0,95494.0,1999.7
Burkina Faso,Rice,2004,28.89590163934426,392.8,6.3,86.0,163.0,49513.0,74501.0,1504.7
Burkina Faso,Rice,2005,28.94082191780822,401.9,6.3,86.0,163.0,52563.0,93516.0,1779.1
Burkina Faso,Rice,2006,28.68739726027397,471.7,6.3,86.0,163.0,44200.0,113700.0,2572.4
Burkina Faso,Rice,2007,28.503561643835614,405.8,6.3,86.0,163.0,40534.0,68916.0,1700.2
Burkina Faso,Rice,2008,28.054098360655736,535.0,6.3,86.0,163.0,80106.0,195102.0,2435.5
Burkina Faso,Rice,2009,28.703835616438354,456.7,6.3,86.0,163.0,92243.0,213584.0,2315.4
Burkina Faso,Rice,2010,28.76684931506849,610.4,6.3,86.0,163.0,133737.0,270658.0,2023.8
Burkina Faso,Rice,2011,28.778630136986305,414.1,6.3,86.0,163.0,136268.0,240866.0,1767.6
Burkina Faso,Rice,2012,28.44808743169399,620.2,6.3,86.0,163.0,136864.0,319390.0,2333.6
Burkina Faso,Rice,2013,28.64849315068493,514.4,6.3,86.0,163.0,138852.0,305382.0,2199.3
Burkina Faso,Rice,2014,28.82383561643836,451.7,6.3,86.0,163.0,144261.0,347501.0,2408.8
Burkina Faso,Rice,2015,28.438904109589043,628.8,6.3,86.0,163.0,142715.0,325138.0,2278.2
Burkina Faso,Rice,2016,28.66857923497268,708.2,6.3,86.0,163.0,170158.0,384690.0,2260.8
Burkina Faso,Rice,2017,28.088219178082195,481.2,6.3,86.0,163.0,165086.0,325566.0,1972.1
Burkina Faso,Rice,2018,28.12246575342466,648.5,6.3,86.0,163.0,160949.0,350392.0,2177.0
Burkina Faso,Rice,2019,28.10383561643836,710.7,6.3,86.0,163.0,177256.0,376527.25,2124.2
Burkina Faso,Rice,2020,28.251639344262298,576.9,6.3,86.0,163.0,201734.0,451421.0,2237.7
Burkina Faso,Rice,2021,28.593424657534246,444.0,6.3,86.0,163.0,221052.0,451014.0,2040.3
Burkina Faso,Rice,2022,27.568493150684933,904.8,6.3,86.0,163.0,198473.0,438982.38,2211.8
Burkina Faso,Rice,2023,28.155890410958904,699.6,6.3,86.0,163.0,212294.0,504254.0,2375.3
Burkina Faso,Sorghum,2000,27.98415300546448,612.5,6.3,86.0,163.0,1225223.0,1016275.0,829.5
Burkina Faso,Sorghum,2001,28.34109589041096,597.8,6.3,86.0,163.0,1478359.0,1371569.0,927.8
Burkina Faso,Sorghum,2002,28.66767123287672,509.9,6.3,86.0,163.0,1484369.0,1373331.0,925.2
Burkina Faso,Sorghum,2003,28.45890410958904,699.4,6.3,86.0,163.0,1676735.0,1610255.0,960.4
Burkina Faso,Sorghum,2004,28.89590163934426,392.8,6.3,86.0,163.0,1438055.0,1399302.0,973.1
Burkina Faso,Sorghum,2005,28.94082191780822,401.9,6.3,86.0,163.0,1422272.0,1552911.0,1091.9
Burkina Faso,Sorghum,2006,28.68739726027397,471.7,6.3,86.0,163.0,1330414.0,1515770.0,1139.3
Burkina Faso,Sorghum,2007,28.503561643835614,405.8,6.3,86.0,163.0,1607741.0,1507162.0,937.4
Burkina Faso,Sorghum,2008,28.054098360655736,535.0,6.3,86.0,163.0,1901776.0,1875046.0,985.9
Burkina Faso,Sorghum,2009,28.703835616438354,456.7,6.3,86.0,163.0,1653115.0,1521468.0,920.4
Burkina Faso,Sorghum,2010,28.76684931506849,610.4,6.3,86.0,163.0,1983122.0,1990227.0,1003.6
Burkina Faso,Sorghum,2011,28.778630136986305,414.1,6.3,86.0,163.0,1681881.0,1505543.0,895.2
Burkina Faso,Sorghum,2012,28.44808743169399,620.2,6.3,86.0,163.0,1788695.0,1923805.0,1075.5
Burkina Faso,Sorghum,2013,28.64849315068493,514.4,6.3,86.0,163.0,1806529.0,1880465.0,1040.9
Burkina Faso,Sorghum,2014,28.82383561643836,451.7,6.3,86.0,163.0,1548404.0,1707613.0,1102.8
Burkina Faso,Sorghum,2015,28.438904109589043,628.8,6.3,86.0,163.0,1444937.0,1435640.0,993.6
Burkina Faso,Sorghum,2016,28.66857923497268,708.2,6.3,86.0,163.0,1734170.0,1663844.0,959.4
Burkina Faso,Sorghum,2017,28.088219178082195,481.2,6.3,86.0,163.0,1667193.0,1365898.0,819.3
Burkina Faso,Sorghum,2018,28.12246575342466,648.5,6.3,86.0,163.0,1907650.0,1929834.25,1011.6
Burkina Faso,Sorghum,2019,28.10383561643836,710.7,6.3,86.0,163.0,1890172.0,1871791.17,990.3
Burkina Faso,Sorghum,2020,28.251639344262298,576.9,6.3,86.0,163.0,1734614.0,1839571.0,1060.5
Burkina Faso,Sorghum,2021,28.593424657534246,444.0,6.3,86.0,163.0,1827172.0,1643722.0,899.6
Burkina Faso,Sorghum,2022,27.568493150684933,904.8,6.3,86.0,163.0,1958672.0,2013868.96,1028.2
Burkina Faso,Sorghum,2023,28.155890410958904,699.6,6.3,86.0,163.0,1793783.0,1772021.68,987.9
Côte d'Ivoire,"Cassava, fresh",2000,,,,,,271254.0,2100354.0,7743.1
Côte d'Ivoire,"Cassava, fresh",2001,,,,,,269429.0,2086903.0,7745.7
Côte d'Ivoire,"Cassava, fresh",2002,,,,,,267616.0,2073538.0,7748.2
Côte d'Ivoire,"Cassava, fresh",2003,,,,,,265815.0,2060259.0,7750.7
Côte d'Ivoire,"Cassava, fresh",2004,,,,,,269429.0,2074064.0,7698.0
Côte d'Ivoire,"Cassava, fresh",2005,,,,,,273093.0,2197985.0,8048.5
Côte d'Ivoire,"Cassava, fresh",2006,,,,,,306791.0,2267137.0,7389.8
Côte d'Ivoire,"Cassava, fresh",2007,,,,,,320843.0,2342158.0,7300.0
Côte d'Ivoire,"Cassava, fresh",2008,,,,,,329230.0,2531241.0,7688.4
Côte d'Ivoire,"Cassava, fresh",2009,,,,,,338778.0,2262170.0,6677.4
Côte d'Ivoire,"Cassava, fresh",2010,,,,,,349521.0,2306839.0,6600.0
Côte d'Ivoire,"Cassava, fresh",2011,,,,,,352618.0,2359015.0,6690.0
Côte d'Ivoire,"Cassava, fresh",2012,,,,,,366065.0,2412371.0,6590.0
Côte d'Ivoire,"Cassava, fresh",2013,,,,,,372903.0,2436495.0,6533.9
Côte d'Ivoire,"Cassava, fresh",2014,,,,,,654908.0,4239303.0,6473.1
Côte d'Ivoire,"Cassava, fresh",2015,,,,,,798201.0,5087000.0,6373.1
Côte d'Ivoire,"Cassava, fresh",2016,,,,,,726829.0,4548000.0,6257.3
Côte d'Ivoire,"Cassava, fresh",2017,,,,,,878898.0,5367000.0,6106.5
Côte d'Ivoire,"Cassava, fresh",2018,,,,,,946333.0,5608044.0,5926.1
Côte d'Ivoire,"Cassava, fresh",2019,,,,,,1018576.0,5877230.0,5770.0
Côte d'Ivoire,"Cassava, fresh",2020,,,,,,1152520.0,6443565.0,5590.8
Côte d'Ivoire,"Cassava, fresh",2021,,,,,,1197973.0,6302334.0,5260.8
Côte d'Ivoire,"Cassava, fresh",2022,,,,,,1117886.0,6804130.0,6086.6
Côte d'Ivoire,"Cassava, fresh",2023,,,,,,1355147.0,8248246.0,6086.6
Côte d'Ivoire,Maize (corn),2000,,,,,,284372.0,576910.0,2028.7
Côte d'Ivoire,Maize (corn),2001,,,,,,278680.0,584538.0,2097.5
Côte d'Ivoire,Maize (corn),2002,,,,,,273101.0,592267.0,2168.7
Côte d'Ivoire,Maize (corn),2003,,,,,,267635.0,600098.0,2242.2
Côte d'Ivoire,Maize (corn),2004,,,,,,278679.0,619831.0,2224.2
Côte d'Ivoire,Maize (corn),2005,,,,,,302879.0,640213.0,2113.8
Côte d'Ivoire,Maize (corn),2006,,,,,,301906.0,638753.0,2115.7
Côte d'Ivoire,Maize (corn),2007,,,,,,301495.0,531940.0,1764.3
Côte d'Ivoire,Maize (corn),2008,,,,,,310237.0,630188.0,2031.3
Côte d'Ivoire,Maize (corn),2009,,,,,,319232.0,637372.0,1996.6
Côte d'Ivoire,Maize (corn),2010,,,,,,324045.0,641610.0,1980.0
Côte d'Ivoire,Maize (corn),2011,,,,,,327800.0,621790.0,1896.9
Côte d'Ivoire,Maize (corn),2012,,,,,,308839.0,654738.0,2120.0
Côte d'Ivoire,Maize (corn),2013,,,,,,307869.0,661285.0,2147.9
Côte d'Ivoire,Maize (corn),2014,,,,,,316407.0,680000.0,2149.1
Côte d'Ivoire,Maize (corn),2015,,,,,,497864.0,1026000.0,2060.8
Côte d'Ivoire,Maize (corn),2016,,,,,,472032.0,967000.0,2048.6
Côte d'Ivoire,Maize (corn),2017,,,,,,493661.0,1025000.0,2076.3
Côte d'Ivoire,Maize (corn),2018,,,,,,503630.0,1054960.0,2094.7
Côte d'Ivoire,Maize (corn),2019,,,,,,544000.0,1102433.0,2026.5
Côte d'Ivoire,Maize (corn),2020,,,,,,540000.0,1175715.0,2177.3
Côte d'Ivoire,Maize (corn),2021,,,,,,540000.0,1139557.0,2110.3
Côte d'Ivoire,Maize (corn),2022,,,,,,540000.0,1199340.0,2221.0
Côte d'Ivoire,Maize (corn),2023,,,,,,540000.0,1416232.0,2622.7
Côte d'Ivoire,Millet,2000,,,,,,59613.0,38422.0,644.5
Côte d'Ivoire,Millet,2001,,,,,,60379.0,39246.0,650.0
Côte d'Ivoire,Millet,2002,,,,,,61648.0,40071.0,650.0
Côte d'Ivoire,Millet,2003,,,,,,50354.0,32730.0,650.0
Côte d'Ivoire,Millet,2004,,,,,,52016.0,33810.0,650.0
Côte d'Ivoire,Millet,2005,,,,,,43478.0,34926.0,803.3
Côte d'Ivoire,Millet,2006,,,,,,45000.0,38308.0,851.3
Côte d'Ivoire,Millet,2007,,,,,,47028.0,37941.0,806.8
Côte d'Ivoire,Millet,2008,,,,,,58742.0,40795.0,694.5
Côte d'Ivoire,Millet,2009,,,,,,59917.0,45567.0,760.5
Côte d'Ivoire,Millet,2010,,,,,,62597.0,48826.0,780.0
Côte d'Ivoire,Millet,2011,,,,,,63413.0,48828.0,770.0
Côte d'Ivoire,Millet,2012,,,,,,63226.0,49316.0,780.0
Côte d'Ivoire,Millet,2013,,,,,,62586.0,49760.0,795.1
Côte d'Ivoire,Millet,2014,,,,,,64639.0,52275.0,808.7
Côte d'Ivoire,Millet,2015,,,,,,67148.0,55200.0,822.1
Côte d'Ivoire,Millet,2016,,,,,,70259.0,58300.0,829.8
Côte d'Ivoire,Millet,2017,,,,,,73313.0,61600.0,840.2
Côte d'Ivoire,Millet,2018,,,,,,75428.0,63847.0,846.5
Côte d'Ivoire,Millet,2019,,,,,,77000.0,66248.0,860.4
Côte d'Ivoire,Millet,2020,,,,,,80000.0,69465.0,868.3
Côte d'Ivoire,Millet,2021,,,,,,76000.0,67441.0,887.4
Côte d'Ivoire,Millet,2022,,,,,,75000.0,70124.0,935.0
Côte d'Ivoire,Millet,2023,,,,,,75000.0,62092.0,827.9
Côte d'Ivoire,Rice,2000,,,,,,341466.0,621805.0,1821.0
Côte d'Ivoire,Rice,2001,,,,,,340756.0,634228.0,1861.2
Côte d'Ivoire,Rice,2002,,,,,,340447.0,646899.0,1900.1
Côte d'Ivoire,Rice,2003,,,,,,339939.0,659824.0,1941.0
Côte d'Ivoire,Rice,2004,,,,,,340956.0,681521.0,1998.9
Côte d'Ivoire,Rice,2005,,,,,,353169.0,703931.0,1993.2
Côte d'Ivoire,Rice,2006,,,,,,370000.0,715898.0,1934.9
Côte d'Ivoire,Rice,2007,,,,,,356396.0,606310.0,1701.2
Côte d'Ivoire,Rice,2008,,,,,,366730.0,679969.0,1854.1
Côte d'Ivoire,Rice,2009,,,,,,377365.0,687721.0,1822.4
Côte d'Ivoire,Rice,2010,,,,,,394868.0,1206153.0,3054.6
Côte d'Ivoire,Rice,2011,,,,,,379694.0,873016.0,2299.3
Côte d'Ivoire,Rice,2012,,,,,,663920.0,1561905.0,2352.6
Côte d'Ivoire,Rice,2013,,,,,,788011.0,1934154.0,2454.5
Côte d'Ivoire,Rice,2014,,,,,,822667.0,2053520.0,2496.2
Côte d'Ivoire,Rice,2015,,,,,,844023.0,2153000.0,2550.9
Côte d'Ivoire,Rice,2016,,,,,,780575.0,2055000.0,2632.7
Côte d'Ivoire,Rice,2017,,,,,,790539.0,2120000.0,2681.7
Côte d'Ivoire,Rice,2018,,,,,,734848.0,2006845.0,2731.0
Côte d'Ivoire,Rice,2019,,,,,,674716.0,1883956.0,2792.2
Côte d'Ivoire,Rice,2020,,,,,,542160.0,1481182.0,2732.0
Côte d'Ivoire,Rice,2021,,,,,,606381.0,1659000.0,2735.9
Côte d'Ivoire,Rice,2022,,,,,,664880.0,1703514.0,2562.1
Côte d'Ivoire,Rice,2023,,,,,,723509.0,2011500.0,2780.2
Côte d'Ivoire,Sorghum,2000,,,,,,57668.0,35171.0,609.9
Côte d'Ivoire,Sorghum,2001,,,,,,58893.0,35925.0,610.0
Côte d'Ivoire,Sorghum,2002,,,,,,62300.0,36680.0,588.8
Côte d'Ivoire,Sorghum,2003,,,,,,54306.0,30047.0,553.3
Côte d'Ivoire,Sorghum,2004,,,,,,53000.0,30993.0,584.8
Côte d'Ivoire,Sorghum,2005,,,,,,57121.0,32033.0,560.8
Côte d'Ivoire,Sorghum,2006,,,,,,58877.0,34920.0,593.1
Côte d'Ivoire,Sorghum,2007,,,,,,61841.0,34379.0,555.9
Côte d'Ivoire,Sorghum,2008,,,,,,63079.0,40795.0,646.7
Côte d'Ivoire,Sorghum,2009,,,,,,64342.0,41260.0,641.3
Côte d'Ivoire,Sorghum,2010,,,,,,67803.0,47702.0,703.5
Côte d'Ivoire,Sorghum,2011,,,,,,68324.0,46460.0,680.0
Côte d'Ivoire,Sorghum,2012,,,,,,71232.0,48838.0,685.6
Côte d'Ivoire,Sorghum,2013,,,,,,74514.0,50472.0,677.3
Côte d'Ivoire,Sorghum,2014,,,,,,75697.0,51344.0,678.3
Côte d'Ivoire,Sorghum,2015,,,,,,80264.0,55100.0,686.5
Côte d'Ivoire,Sorghum,2016,,,,,,85796.0,59100.0,688.8
Côte d'Ivoire,Sorghum,2017,,,,,,91578.0,63400.0,692.3
Côte d'Ivoire,Sorghum,2018,,,,,,94899.0,65661.0,691.9
Côte d'Ivoire,Sorghum,2019,,,,,,96000.0,68132.0,709.7
Côte d'Ivoire,Sorghum,2020,,,,,,101000.0,72186.0,714.7
Côte d'Ivoire,Sorghum,2021,,,,,,98000.0,70155.0,715.9
Côte d'Ivoire,Sorghum,2022,,,,,,100000.0,73345.0,733.5
Côte d'Ivoire,Sorghum,2023,,,,,,100000.0,65356.0,653.6
Ghana,"Cassava, fresh",2000,27.541803278688523,936.1,6.2,247.0,273.0,660100.0,8106800.0,12281.2
Ghana,"Cassava, fresh",2001,27.88219178082192,586.9,6.2,247.0,273.0,726357.0,8965840.0,12343.6
Ghana,"Cassava, fresh",2002,27.637260273972604,918.0,6.2,247.0,273.0,794440.0,9731040.0,12248.9
Ghana,"Cassava, fresh",2003,27.82,920.4,6.2,247.0,273.0,807200.0,10239340.0,12685.0
Ghana,"Cassava, fresh",2004,27.683060109289617,917.8,6.2,247.0,273.0,783947.0,9738812.0,12422.8
Ghana,"Cassava, fresh",2005,27.778630136986305,967.5,6.2,247.0,273.0,750000.0,9567000.0,12756.0
Ghana,"Cassava, fresh",2006,27.912054794520547,732.4,6.2,247.0,273.0,790000.0,9638000.0,12200.0
Ghana,"Cassava, fresh",2007,27.873972602739727,938.8,6.2,247.0,273.0,800530.0,10217930.0,12764.0
Ghana,"Cassava, fresh",2008,27.6724043715847,875.8,6.2,247.0,273.0,839920.0,11351100.0,13514.5
Ghana,"Cassava, fresh",2009,27.70219178082192,890.3,6.2,247.0,273.0,885800.0,12230600.0,13807.4
Ghana,"Cassava, fresh",2010,27.88109589041096,1029.5,6.2,247.0,273.0,875013.0,13504086.0,15433.0
Ghana,"Cassava, fresh",2011,27.481917808219176,1022.6,6.2,247.0,273.0,889364.0,14240867.0,16012.4
Ghana,"Cassava, fresh",2012,27.29672131147541,977.9,6.2,247.0,273.0,868550.0,14547279.0,16748.9
Ghana,"Cassava, fresh",2013,27.56164383561644,918.7,6.2,247.0,273.0,875185.0,15989940.0,18270.4
Ghana,"Cassava, fresh",2014,27.557534246575344,983.2,6.2,247.0,273.0,888847.0,17798217.0,20023.9
Ghana,"Cassava, fresh",2015,27.80356164383561,761.9,6.2,247.0,273.0,916544.0,17212756.0,18780.1
Ghana,"Cassava, fresh",2016,28.10819672131148,1018.5,6.2,247.0,273.0,938725.0,17798217.0,18960.0
Ghana,"Cassava, fresh",2017,27.896712328767123,853.5,6.2,247.0,273.0,917000.0,19008724.86,20729.3
Ghana,"Cassava, fresh",2018,27.275342465753425,979.9,6.2,247.0,273.0,977000.0,20845959.96,21336.7
Ghana,"Cassava, fresh",2019,27.895342465753423,1487.4,6.2,247.0,273.0,1021000.0,22750000.0,22282.1
Ghana,"Cassava, fresh",2020,27.92349726775956,1096.4,6.2,247.0,273.0,1061000.0,24368000.0,22967.0
Ghana,"Cassava, fresh",2021,28.010410958904107,1243.6,6.2,247.0,273.0,1051000.0,24997000.0,23784.0
Ghana,"Cassava, fresh",2022,27.40657534246576,1128.4,6.2,247.0,273.0,1048809.0,25607885.35,24416.2
Ghana,"Cassava, fresh",2023,27.53972602739726,1271.8,6.2,247.0,273.0,1060877.0,26598173.66,25071.9
Ghana,Maize (corn),2000,27.541803278688523,936.1,6.2,247.0,273.0,694700.0,1012700.0,1457.8
Ghana,Maize (corn),2001,27.88219178082192,586.9,6.2,247.0,273.0,713303.0,937973.0,1315.0
Ghana,Maize (corn),2002,27.637260273972604,918.0,6.2,247.0,273.0,939600.0,1400000.0,1490.0
Ghana,Maize (corn),2003,27.82,920.4,6.2,247.0,273.0,791900.0,1288600.0,1627.2
Ghana,Maize (corn),2004,27.683060109289617,917.8,6.2,247.0,273.0,732955.0,1157621.0,1579.4
Ghana,Maize (corn),2005,27.778630136986305,967.5,6.2,247.0,273.0,750000.0,1171000.0,1561.3
Ghana,Maize (corn),2006,27.912054794520547,732.4,6.2,247.0,273.0,793000.0,1189000.0,1499.4
Ghana,Maize (corn),2007,27.873972602739727,938.8,6.2,247.0,273.0,790070.0,1219600.0,1543.7
Ghana,Maize (corn),2008,27.6724043715847,875.8,6.2,247.0,273.0,846260.0,1470080.0,1737.1
Ghana,Maize (corn),2009,27.70219178082192,890.3,6.2,247.0,273.0,954430.0,1619590.0,1696.9
Ghana,Maize (corn),2010,27.88109589041096,1029.5,6.2,247.0,273.0,991669.0,1871695.0,1887.4
Ghana,Maize (corn),2011,27.481917808219176,1022.6,6.2,247.0,273.0,1023177.0,1683984.0,1645.8
Ghana,Maize (corn),2012,27.29672131147541,977.9,6.2,247.0,273.0,1042083.0,1949897.0,1871.2
Ghana,Maize (corn),2013,27.56164383561644,918.7,6.2,247.0,273.0,1023459.0,1764477.0,1724.0
Ghana,Maize (corn),2014,27.557534246575344,983.2,6.2,247.0,273.0,1019000.0,1762000.0,1729.1
Ghana,Maize (corn),2015,27.80356164383561,761.9,6.2,247.0,273.0,880250.0,1691643.9,1921.8
Ghana,Maize (corn),2016,28.10819672131148,1018.5,6.2,247.0,273.0,883031.0,1721910.12,1950.0
Ghana,Maize (corn),2017,27.896712328767123,853.5,6.2,247.0,273.0,1000000.0,2011179.42,2011.2
Ghana,Maize (corn),2018,27.275342465753425,979.9,6.2,247.0,273.0,1021000.0,2306383.95,2258.9
Ghana,Maize (corn),2019,27.895342465753423,1487.4,6.2,247.0,273.0,1150000.0,2911000.0,2531.3
Ghana,Maize (corn),2020,27.92349726775956,1096.4,6.2,247.0,273.0,1189000.0,3071000.0,2582.8
Ghana,Maize (corn),2021,28.010410958904107,1243.6,6.2,247.0,273.0,1266000.0,3203000.0,2530.0
Ghana,Maize (corn),2022,27.40657534246576,1128.4,6.2,247.0,273.0,1300000.0,3255718.0,2504.4
Ghana,Maize (corn),2023,27.53972602739726,1271.8,6.2,247.0,273.0,1300000.0,3579000.0,2753.1
Ghana,Millet,2000,27.541803278688523,936.1,6.2,247.0,273.0,208000.0,169400.0,814.4
Ghana,Millet,2001,27.88219178082192,586.9,6.2,247.0,273.0,192972.0,134370.0,696.3
Ghana,Millet,2002,27.637260273972604,918.0,6.2,247.0,273.0,198010.0,159120.0,803.6
Ghana,Millet,2003,27.82,920.4,6.2,247.0,273.0,206600.0,175740.0,850.6
Ghana,Millet,2004,27.683060109289617,917.8,6.2,247.0,273.0,182232.0,143798.0,789.1
Ghana,Millet,2005,27.778630136986305,967.5,6.2,247.0,273.0,185000.0,185000.0,1000.0
Ghana,Millet,2006,27.912054794520547,732.4,6.2,247.0,273.0,200000.0,165000.0,825.0
Ghana,Millet,2007,27.873972602739727,938.8,6.2,247.0,273.0,162710.0,113040.0,694.7
Ghana,Millet,2008,27.6724043715847,875.8,6.2,247.0,273.0,182230.0,193840.0,1063.7
Ghana,Millet,2009,27.70219178082192,890.3,6.2,247.0,273.0,186700.0,245550.0,1315.2
Ghana,Millet,2010,27.88109589041096,1029.5,6.2,247.0,273.0,176600.0,218952.0,1239.8
Ghana,Millet,2011,27.481917808219176,1022.6,6.2,247.0,273.0,178676.0,183922.0,1029.4
Ghana,Millet,2012,27.29672131147541,977.9,6.2,247.0,273.0,172470.0,179684.0,1041.8
Ghana,Millet,2013,27.56164383561644,918.7,6.2,247.0,273.0,160737.0,155131.0,965.1
Ghana,Millet,2014,27.557534246575344,983.2,6.2,247.0,273.0,162000.0,155000.0,956.8
Ghana,Millet,2015,27.80356164383561,761.9,6.2,247.0,273.0,162236.0,157369.21,970.0
Ghana,Millet,2016,28.10819672131148,1018.5,6.2,247.0,273.0,162263.0,159017.27,980.0
Ghana,Millet,2017,27.896712328767123,853.5,6.2,247.0,273.0,153714.0,163483.97,1063.6
Ghana,Millet,2018,27.275342465753425,979.9,6.2,247.0,273.0,142000.0,181564.3,1278.6
Ghana,Millet,2019,27.895342465753423,1487.4,6.2,247.0,273.0,148000.0,230000.0,1554.1
Ghana,Millet,2020,27.92349726775956,1096.4,6.2,247.0,273.0,139000.0,236000.0,1697.8
Ghana,Millet,2021,28.010410958904107,1243.6,6.2,247.0,273.0,125000.0,188000.0,1504.0
Ghana,Millet,2022,27.40657534246576,1128.4,6.2,247.0,273.0,138927.0,196308.0,1413.0
Ghana,Millet,2023,27.53972602739726,1271.8,6.2,247.0,273.0,163137.0,244000.0,1495.7
Ghana,Rice,2000,27.541803278688523,936.1,6.2,247.0,273.0,115200.0,248700.0,2158.9
Ghana,Rice,2001,27.88219178082192,586.9,6.2,247.0,273.0,136039.0,274596.0,2018.5
Ghana,Rice,2002,27.637260273972604,918.0,6.2,247.0,273.0,122810.0,280000.0,2279.9
Ghana,Rice,2003,27.82,920.4,6.2,247.0,273.0,117000.0,238810.0,2041.1
Ghana,Rice,2004,27.683060109289617,917.8,6.2,247.0,273.0,119392.0,241807.0,2025.3
Ghana,Rice,2005,27.778630136986305,967.5,6.2,247.0,273.0,120000.0,287000.0,2391.7
Ghana,Rice,2006,27.912054794520547,732.4,6.2,247.0,273.0,125000.0,250000.0,2000.0
Ghana,Rice,2007,27.873972602739727,938.8,6.2,247.0,273.0,108930.0,185340.0,1701.5
Ghana,Rice,2008,27.6724043715847,875.8,6.2,247.0,273.0,132800.0,301920.0,2273.5
Ghana,Rice,2009,27.70219178082192,890.3,6.2,247.0,273.0,162360.0,391440.0,2410.9
Ghana,Rice,2010,27.88109589041096,1029.5,6.2,247.0,273.0,181228.0,491603.0,2712.6
Ghana,Rice,2011,27.481917808219176,1022.6,6.2,247.0,273.0,197480.0,463975.0,2349.5
Ghana,Rice,2012,27.29672131147541,977.9,6.2,247.0,273.0,189529.0,481134.0,2538.6
Ghana,Rice,2013,27.56164383561644,918.7,6.2,247.0,273.0,215905.0,569524.0,2637.8
Ghana,Rice,2014,27.557534246575344,983.2,6.2,247.0,273.0,224000.0,604000.0,2696.4
Ghana,Rice,2015,27.80356164383561,761.9,6.2,247.0,273.0,233270.0,641491.54,2750.0
Ghana,Rice,2016,28.10819672131148,1018.5,6.2,247.0,273.0,243858.0,687678.93,2820.0
Ghana,Rice,2017,27.896712328767123,853.5,6.2,247.0,273.0,241700.0,722080.11,2987.5
Ghana,Rice,2018,27.275342465753425,979.9,6.2,247.0,273.0,206000.0,769400.87,3735.0
Ghana,Rice,2019,27.895342465753423,1487.4,6.2,247.0,273.0,282000.0,925000.0,3280.1
Ghana,Rice,2020,27.92349726775956,1096.4,6.2,247.0,273.0,291000.0,973000.0,3343.6
Ghana,Rice,2021,28.010410958904107,1243.6,6.2,247.0,273.0,357000.0,1143000.0,3201.7
Ghana,Rice,2022,27.40657534246576,1128.4,6.2,247.0,273.0,382000.0,1283000.0,3358.6
Ghana,Rice,2023,27.53972602739726,1271.8,6.2,247.0,273.0,443200.0,1443000.0,3255.9
Ghana,Sorghum,2000,27.541803278688523,936.1,6.2,247.0,273.0,288700.0,279800.0,969.2
Ghana,Sorghum,2001,27.88219178082192,586.9,6.2,247.0,273.0,329103.0,279712.0,849.9
Ghana,Sorghum,2002,27.637260273972604,918.0,6.2,247.0,273.0,337150.0,316070.0,937.5
Ghana,Sorghum,2003,27.82,920.4,6.2,247.0,273.0,346000.0,337670.0,975.9
Ghana,Sorghum,2004,27.683060109289617,917.8,6.2,247.0,273.0,298107.0,287000.0,962.7
Ghana,Sorghum,2005,27.778630136986305,967.5,6.2,247.0,273.0,305000.0,305000.0,1000.0
Ghana,Sorghum,2006,27.912054794520547,732.4,6.2,247.0,273.0,320000.0,315000.0,984.4
Ghana,Sorghum,2007,27.873972602739727,938.8,6.2,247.0,273.0,208470.0,154830.0,742.7
Ghana,Sorghum,2008,27.6724043715847,875.8,6.2,247.0,273.0,275860.0,330950.0,1199.7
Ghana,Sorghum,2009,27.70219178082192,890.3,6.2,247.0,273.0,267210.0,350550.0,1311.9
Ghana,Sorghum,2010,27.88109589041096,1029.5,6.2,247.0,273.0,252555.0,324422.0,1284.6
Ghana,Sorghum,2011,27.481917808219176,1022.6,6.2,247.0,273.0,243482.0,287069.0,1179.0
Ghana,Sorghum,2012,27.29672131147541,977.9,6.2,247.0,273.0,230841.0,279983.0,1212.9
Ghana,Sorghum,2013,27.56164383561644,918.7,6.2,247.0,273.0,225819.0,256736.0,1136.9
Ghana,Sorghum,2014,27.557534246575344,983.2,6.2,247.0,273.0,227000.0,259000.0,1141.0
Ghana,Sorghum,2015,27.80356164383561,761.9,6.2,247.0,273.0,228393.0,262651.9,1150.0
Ghana,Sorghum,2016,28.10819672131148,1018.5,6.2,247.0,273.0,229604.0,229604.44,1000.0
Ghana,Sorghum,2017,27.896712328767123,853.5,6.2,247.0,273.0,208799.0,230000.0,1101.5
Ghana,Sorghum,2018,27.275342465753425,979.9,6.2,247.0,273.0,275838.0,316236.09,1146.5
Ghana,Sorghum,2019,27.895342465753423,1487.4,6.2,247.0,273.0,300000.0,345000.0,1150.0
Ghana,Sorghum,2020,27.92349726775956,1096.4,6.2,247.0,273.0,304000.0,356000.0,1171.1
Ghana,Sorghum,2021,28.010410958904107,1243.6,6.2,247.0,273.0,310000.0,324000.0,1045.2
Ghana,Sorghum,2022,27.40657534246576,1128.4,6.2,247.0,273.0,310000.0,401499.0,1295.2
Ghana,Sorghum,2023,27.53972602739726,1271.8,6.2,247.0,273.0,310000.0,413000.0,1332.3
Mali,"Cassava, fresh",2000,27.841256830601093,86.89999999999999,7.8,69.0,310.0,1276.0,14787.0,11588.6
Mali,"Cassava, fresh",2001,28.166301369863017,62.5,7.8,69.0,310.0,1973.0,17739.0,8990.9
Mali,"Cassava, fresh",2002,28.315342465753425,52.0,7.8,69.0,310.0,2086.0,24175.0,11589.2
Mali,"Cassava, fresh",2003,28.48219178082192,52.7,7.8,69.0,310.0,2100.0,24200.0,11523.8
Mali,"Cassava, fresh",2004,28.302732240437155,45.9,7.8,69.0,310.0,752.0,13459.0,17897.6
Mali,"Cassava, fresh",2005,28.44383561643836,64.1,7.8,69.0,310.0,3819.0,56062.0,14679.8
Mali,"Cassava, fresh",2006,27.71123287671233,55.2,7.8,69.0,310.0,5335.0,96125.0,18017.8
Mali,"Cassava, fresh",2007,27.883013698630133,57.8,7.8,69.0,310.0,5925.0,96125.0,16223.6
Mali,"Cassava, fresh",2008,27.804918032786887,54.8,7.8,69.0,310.0,4540.0,72739.97,16022.0
Mali,"Cassava, fresh",2009,28.29232876712329,49.7,7.8,69.0,310.0,4404.0,79602.0,18074.9
Mali,"Cassava, fresh",2010,29.287945205479453,89.4,7.8,69.0,310.0,2480.0,38172.0,15391.9
Mali,"Cassava, fresh",2011,28.543287671232875,29.0,7.8,69.0,310.0,3032.0,47042.94,15517.1
Mali,"Cassava, fresh",2012,27.765573770491805,64.6,7.8,69.0,310.0,3588.0,56146.06,15648.3
Mali,"Cassava, fresh",2013,28.26438356164384,39.4,7.8,69.0,310.0,3991.0,61788.44,15483.2
Mali,"Cassava, fresh",2014,28.104657534246577,64.6,7.8,69.0,310.0,3597.0,52152.0,14498.7
Mali,"Cassava, fresh",2015,28.2427397260274,53.4,7.8,69.0,310.0,2793.0,42345.0,15158.5
Mali,"Cassava, fresh",2016,28.94672131147541,32.2,7.8,69.0,310.0,7768.0,118863.0,15301.6
Mali,"Cassava, fresh",2017,28.455890410958904,33.8,7.8,69.0,310.0,6897.0,101447.0,14708.9
Mali,"Cassava, fresh",2018,28.65205479452055,39.5,7.8,69.0,310.0,8228.0,138023.0,16774.8
Mali,"Cassava, fresh",2019,28.12602739726028,72.4,7.8,69.0,310.0,5905.0,70312.0,11907.2
Mali,"Cassava, fresh",2020,28.75027322404372,47.8,7.8,69.0,310.0,10597.0,164842.14,15555.6
Mali,"Cassava, fresh",2021,29.594246575342464,9.5,7.8,69.0,310.0,9685.0,120716.0,12464.2
Mali,"Cassava, fresh",2022,28.36246575342465,72.0,7.8,69.0,310.0,7845.0,123001.0,15678.9
Mali,"Cassava, fresh",2023,29.0827397260274,20.9,7.8,69.0,310.0,8926.0,131399.0,14720.9
Mali,Maize (corn),2000,27.841256830601093,86.89999999999999,7.8,69.0,310.0,161053.0,214548.0,1332.2
Mali,Maize (corn),2001,28.166301369863017,62.5,7.8,69.0,310.0,260627.0,301931.0,1158.5
Mali,Maize (corn),2002,28.315342465753425,52.0,7.8,69.0,310.0,318161.0,365174.0,1147.8
Mali,Maize (corn),2003,28.48219178082192,52.7,7.8,69.0,310.0,316683.0,454758.0,1436.0
Mali,Maize (corn),2004,28.302732240437155,45.9,7.8,69.0,310.0,252311.0,459463.0,1821.0
Mali,Maize (corn),2005,28.44383561643836,64.1,7.8,69.0,310.0,424861.0,634464.0,1493.3
Mali,Maize (corn),2006,27.71123287671233,55.2,7.8,69.0,310.0,412484.0,706737.0,1713.4
Mali,Maize (corn),2007,27.883013698630133,57.8,7.8,69.0,310.0,409916.0,689918.0,1683.1
Mali,Maize (corn),2008,27.804918032786887,54.8,7.8,69.0,310.0,352263.0,695073.0,1973.2
Mali,Maize (corn),2009,28.29232876712329,49.7,7.8,69.0,310.0,442890.0,1476993.0,3334.9
Mali,Maize (corn),2010,29.287945205479453,89.4,7.8,69.0,310.0,504362.0,1356043.0,2688.6
Mali,Maize (corn),2011,28.543287671232875,29.0,7.8,69.0,310.0,924850.0,1298234.0,1403.7
Mali,Maize (corn),2012,27.765573770491805,64.6,7.8,69.0,310.0,580881.0,1418907.0,2442.7
Mali,Maize (corn),2013,28.26438356164384,39.4,7.8,69.0,310.0,630832.0,1635564.0,2592.7
Mali,Maize (corn),2014,28.104657534246577,64.6,7.8,69.0,310.0,803136.0,1744026.0,2171.5
Mali,Maize (corn),2015,28.2427397260274,53.4,7.8,69.0,310.0,899640.0,2276036.0,2529.9
Mali,Maize (corn),2016,28.94672131147541,32.2,7.8,69.0,310.0,1031522.0,2811385.0,2725.5
Mali,Maize (corn),2017,28.455890410958904,33.8,7.8,69.0,310.0,1233008.0,3598205.0,2918.2
Mali,Maize (corn),2018,28.65205479452055,39.5,7.8,69.0,310.0,1258559.0,3624949.97,2880.2
Mali,Maize (corn),2019,28.12602739726028,72.4,7.8,69.0,310.0,1432151.0,3816536.0,2664.9
Mali,Maize (corn),2020,28.75027322404372,47.8,7.8,69.0,310.0,1170148.0,3516865.0,3005.5
Mali,Maize (corn),2021,29.594246575342464,9.5,7.8,69.0,310.0,1536189.0,3603000.0,2345.4
Mali,Maize (corn),2022,28.36246575342465,72.0,7.8,69.0,310.0,1454000.0,3904687.0,2685.5
Mali,Maize (corn),2023,29.0827397260274,20.9,7.8,69.0,310.0,1509160.0,3386941.0,2244.3
Mali,Millet,2000,27.841256830601093,86.89999999999999,7.8,69.0,310.0,1078624.0,759114.0,703.8
Mali,Millet,2001,28.166301369863017,62.5,7.8,69.0,310.0,1142388.0,792548.0,693.8
Mali,Millet,2002,28.315342465753425,52.0,7.8,69.0,310.0,1557590.0,795146.0,510.5
Mali,Millet,2003,28.48219178082192,52.7,7.8,69.0,310.0,1888889.0,1260498.0,667.3
Mali,Millet,2004,28.302732240437155,45.9,7.8,69.0,310.0,1184607.0,974673.0,822.8
Mali,Millet,2005,28.44383561643836,64.1,7.8,69.0,310.0,1484190.0,1157810.0,780.1
Mali,Millet,2006,27.71123287671233,55.2,7.8,69.0,310.0,1495860.0,1128773.0,754.6
Mali,Millet,2007,27.883013698630133,57.8,7.8,69.0,310.0,1586278.0,1175107.0,740.8
Mali,Millet,2008,27.804918032786887,54.8,7.8,69.0,310.0,1576208.0,1413908.0,897.0
Mali,Millet,2009,28.29232876712329,49.7,7.8,69.0,310.0,1439713.0,1449592.0,1006.9
Mali,Millet,2010,29.287945205479453,89.4,7.8,69.0,310.0,1257043.0,1373342.0,1092.5
Mali,Millet,2011,28.543287671232875,29.0,7.8,69.0,310.0,2283665.0,1462139.0,640.3
Mali,Millet,2012,27.765573770491805,64.6,7.8,69.0,310.0,1873644.0,1680308.0,896.8
Mali,Millet,2013,28.26438356164384,39.4,7.8,69.0,310.0,1967200.0,1854175.0,942.5
Mali,Millet,2014,28.104657534246577,64.6,7.8,69.0,310.0,1743423.0,1715044.0,983.7
Mali,Millet,2015,28.2427397260274,53.4,7.8,69.0,310.0,1943002.0,1864301.0,959.5
Mali,Millet,2016,28.94672131147541,32.2,7.8,69.0,310.0,2040152.0,1806559.0,885.5
Mali,Millet,2017,28.455890410958904,33.8,7.8,69.0,310.0,2155729.0,1492650.0,692.4
Mali,Millet,2018,28.65205479452055,39.5,7.8,69.0,310.0,2158263.0,1840320.81,852.7
Mali,Millet,2019,28.12602739726028,72.4,7.8,69.0,310.0,1989953.0,1878527.0,944.0
Mali,Millet,2020,28.75027322404372,47.8,7.8,69.0,310.0,2164374.0,1921171.0,887.6
Mali,Millet,2021,29.594246575342464,9.5,7.8,69.0,310.0,2079082.0,1487683.0,715.5
Mali,Millet,2022,28.36246575342465,72.0,7.8,69.0,310.0,2104437.0,1844664.0,876.6
Mali,Millet,2023,29.0827397260274,20.9,7.8,69.0,310.0,2155827.0,1942580.0,901.1
Mali,Rice,2000,27.841256830601093,86.89999999999999,7.8,69.0,310.0,352739.0,742808.0,2105.8
Mali,Rice,2001,28.166301369863017,62.5,7.8,69.0,310.0,468239.0,940938.0,2009.5
Mali,Rice,2002,28.315342465753425,52.0,7.8,69.0,310.0,356611.0,693203.0,1943.9
Mali,Rice,2003,28.48219178082192,52.7,7.8,69.0,310.0,405641.0,938217.0,2312.9
Mali,Rice,2004,28.302732240437155,45.9,7.8,69.0,310.0,314915.0,718086.0,2280.3
Mali,Rice,2005,28.44383561643836,64.1,7.8,69.0,310.0,414023.0,945823.0,2284.5
Mali,Rice,2006,27.71123287671233,55.2,7.8,69.0,310.0,408494.0,1053236.0,2578.3
Mali,Rice,2007,27.883013698630133,57.8,7.8,69.0,310.0,391869.0,1082384.0,2762.1
Mali,Rice,2008,27.804918032786887,54.8,7.8,69.0,310.0,482552.0,1624246.0,3366.0
Mali,Rice,2009,28.29232876712329,49.7,7.8,69.0,310.0,526784.0,1614408.0,3064.6
Mali,Rice,2010,29.287945205479453,89.4,7.8,69.0,310.0,615936.0,1296154.0,2104.4
Mali,Rice,2011,28.543287671232875,29.0,7.8,69.0,310.0,576460.0,1741472.0,3021.0
Mali,Rice,2012,27.765573770491805,64.6,7.8,69.0,310.0,602100.0,2076423.0,3448.6
Mali,Rice,2013,28.26438356164384,39.4,7.8,69.0,310.0,659022.0,1977669.0,3000.9
Mali,Rice,2014,28.104657534246577,64.6,7.8,69.0,310.0,684184.0,2166830.0,3167.0
Mali,Rice,2015,28.2427397260274,53.4,7.8,69.0,310.0,762140.0,2331053.0,3058.6
Mali,Rice,2016,28.94672131147541,32.2,7.8,69.0,310.0,834643.0,2780905.0,3331.8
Mali,Rice,2017,28.455890410958904,33.8,7.8,69.0,310.0,767874.0,2707557.0,3526.0
Mali,Rice,2018,28.65205479452055,39.5,7.8,69.0,310.0,969519.0,3167527.62,3267.1
Mali,Rice,2019,28.12602739726028,72.4,7.8,69.0,310.0,924644.0,3196336.0,3456.8
Mali,Rice,2020,28.75027322404372,47.8,7.8,69.0,310.0,898060.0,3010027.0,3351.7
Mali,Rice,2021,29.594246575342464,9.5,7.8,69.0,310.0,874031.0,2420245.0,2769.1
Mali,Rice,2022,28.36246575342465,72.0,7.8,69.0,310.0,888116.0,2864723.0,3225.6
Mali,Rice,2023,29.0827397260274,20.9,7.8,69.0,310.0,906982.0,3023891.0,3334.0
Mali,Sorghum,2000,27.841256830601093,86.89999999999999,7.8,69.0,310.0,674768.0,564661.0,836.8
Mali,Sorghum,2001,28.166301369863017,62.5,7.8,69.0,310.0,702478.0,517748.0,737.0
Mali,Sorghum,2002,28.315342465753425,52.0,7.8,69.0,310.0,923403.0,641848.0,695.1
Mali,Sorghum,2003,28.48219178082192,52.7,7.8,69.0,310.0,822331.0,727632.0,884.8
Mali,Sorghum,2004,28.302732240437155,45.9,7.8,69.0,310.0,577021.0,664083.0,1150.9
Mali,Sorghum,2005,28.44383561643836,64.1,7.8,69.0,310.0,744172.0,629127.0,845.4
Mali,Sorghum,2006,27.71123287671233,55.2,7.8,69.0,310.0,917053.0,769681.0,839.3
Mali,Sorghum,2007,27.883013698630133,57.8,7.8,69.0,310.0,1090244.0,900791.0,826.2
Mali,Sorghum,2008,27.804918032786887,54.8,7.8,69.0,310.0,990995.0,1027202.0,1036.5
Mali,Sorghum,2009,28.29232876712329,49.7,7.8,69.0,310.0,919407.0,1465620.0,1594.1
Mali,Sorghum,2010,29.287945205479453,89.4,7.8,69.0,310.0,1257011.0,1250868.0,995.1
Mali,Sorghum,2011,28.543287671232875,29.0,7.8,69.0,310.0,1685412.0,1191020.0,706.7
Mali,Sorghum,2012,27.765573770491805,64.6,7.8,69.0,310.0,1245569.0,1321760.0,1061.2
Mali,Sorghum,2013,28.26438356164384,39.4,7.8,69.0,310.0,1328618.0,1468439.0,1105.2
Mali,Sorghum,2014,28.104657534246577,64.6,7.8,69.0,310.0,1204652.0,1271880.0,1055.8
Mali,Sorghum,2015,28.2427397260274,53.4,7.8,69.0,310.0,1457267.0,1527456.0,1048.2
Mali,Sorghum,2016,28.94672131147541,32.2,7.8,69.0,310.0,1560121.0,1393826.0,893.4
Mali,Sorghum,2017,28.455890410958904,33.8,7.8,69.0,310.0,1585986.0,1423358.0,897.5
Mali,Sorghum,2018,28.65205479452055,39.5,7.8,69.0,310.0,1435122.0,1469687.94,1024.1
Mali,Sorghum,2019,28.12602739726028,72.4,7.8,69.0,310.0,1500778.0,1511110.0,1006.9
Mali,Sorghum,2020,28.75027322404372,47.8,7.8,69.0,310.0,1831825.0,1822694.0,995.0
Mali,Sorghum,2021,29.594246575342464,9.5,7.8,69.0,310.0,1546030.0,1239656.0,801.8
Mali,Sorghum,2022,28.36246575342465,72.0,7.8,69.0,310.0,1639394.0,1603394.0,978.0
Mali,Sorghum,2023,29.0827397260274,20.9,7.8,69.0,310.0,1632824.0,1528008.0,935.8
Nigeria,"Cassava, fresh",2000,25.587158469945354,1892.5,5.8,294.0,211.0,3300000.0,32010000.0,9700.0
Nigeria,"Cassava, fresh",2001,25.54794520547945,1956.0,5.8,294.0,211.0,3340000.0,32068000.0,9601.2
Nigeria,"Cassava, fresh",2002,25.64109589041096,1850.4,5.8,294.0,211.0,3446000.0,34120000.0,9901.3
Nigeria,"Cassava, fresh",2003,25.87890410958904,1735.3,5.8,294.0,211.0,3490000.0,36304000.0,10402.3
Nigeria,"Cassava, fresh",2004,25.696994535519128,1999.7,5.8,294.0,211.0,3531000.0,38845000.0,11001.1
Nigeria,"Cassava, fresh",2005,26.118356164383563,1818.4,5.8,294.0,211.0,3782000.0,41565000.0,10990.2
Nigeria,"Cassava, fresh",2006,26.037534246575344,1967.0,5.8,294.0,211.0,3810000.0,45721000.0,12000.3
Nigeria,"Cassava, fresh",2007,25.66219178082192,1864.2,5.8,294.0,211.0,3875000.0,43410000.0,11202.6
Nigeria,"Cassava, fresh",2008,25.465300546448084,1926.0,5.8,294.0,211.0,3778000.0,44582000.0,11800.4
Nigeria,"Cassava, fresh",2009,25.79671232876712,2054.8,5.8,294.0,211.0,3129030.0,36822248.0,11767.9
Nigeria,"Cassava, fresh",2010,26.05917808219178,1957.4,5.8,294.0,211.0,3481900.0,42533180.0,12215.5
Nigeria,"Cassava, fresh",2011,25.673698630136983,1714.9,5.8,294.0,211.0,4120166.0,46190248.0,11210.8
Nigeria,"Cassava, fresh",2012,25.44426229508197,2327.5,5.8,294.0,211.0,6401996.0,50950292.0,7958.5
Nigeria,"Cassava, fresh",2013,25.67945205479452,2247.1,5.8,294.0,211.0,6741300.0,47406770.0,7032.3
Nigeria,"Cassava, fresh",2014,25.568493150684933,2401.5,5.8,294.0,211.0,7096300.0,54324700.0,7655.4
Nigeria,"Cassava, fresh",2015,25.776164383561643,1916.9,5.8,294.0,211.0,7900630.0,57405060.0,7265.9
Nigeria,"Cassava, fresh",2016,26.020491803278688,2212.6,5.8,294.0,211.0,6668996.0,60529864.0,9076.3
Nigeria,"Cassava, fresh",2017,26.0586301369863,1284.0,5.8,294.0,211.0,6761350.0,61350199.0,9073.7
Nigeria,"Cassava, fresh",2018,25.59397260273973,1673.5,5.8,294.0,211.0,6949400.0,65350850.0,9403.8
Nigeria,"Cassava, fresh",2019,25.34520547945205,1907.3,5.8,294.0,211.0,9776650.0,56969160.0,5827.1
Nigeria,"Cassava, fresh",2020,25.708743169398907,1339.8,5.8,294.0,211.0,9614230.0,55565610.0,5779.5
Nigeria,"Cassava, fresh",2021,25.718082191780823,1324.9,5.8,294.0,211.0,9979330.0,58237500.0,5835.8
Nigeria,"Cassava, fresh",2022,25.193972602739723,1408.7,5.8,294.0,211.0,10043720.0,61359000.56,6109.2
Nigeria,"Cassava, fresh",2023,25.32767123287672,1036.3,5.8,294.0,211.0,10127666.0,62751586.43,6196.1
Nigeria,Maize (corn),2000,25.587158469945354,1892.5,5.8,294.0,211.0,3159000.0,4107000.0,1300.1
Nigeria,Maize (corn),2001,25.54794520547945,1956.0,5.8,294.0,211.0,3283000.0,4596000.0,1399.9
Nigeria,Maize (corn),2002,25.64109589041096,1850.4,5.8,294.0,211.0,3282000.0,4890000.0,1489.9
Nigeria,Maize (corn),2003,25.87890410958904,1735.3,5.8,294.0,211.0,3469000.0,5203000.0,1499.9
Nigeria,Maize (corn),2004,25.696994535519128,1999.7,5.8,294.0,211.0,3479000.0,5567000.0,1600.2
Nigeria,Maize (corn),2005,26.118356164383563,1818.4,5.8,294.0,211.0,3589000.0,5957000.0,1659.8
Nigeria,Maize (corn),2006,26.037534246575344,1967.0,5.8,294.0,211.0,3905000.0,7100000.0,1818.2
Nigeria,Maize (corn),2007,25.66219178082192,1864.2,5.8,294.0,211.0,3944000.0,6724000.0,1704.9
Nigeria,Maize (corn),2008,25.465300546448084,1926.0,5.8,294.0,211.0,3845000.0,7525000.0,1957.1
Nigeria,Maize (corn),2009,25.79671232876712,2054.8,5.8,294.0,211.0,3350560.0,7358260.0,2196.1
Nigeria,Maize (corn),2010,26.05917808219178,1957.4,5.8,294.0,211.0,4149310.0,7676850.0,1850.2
Nigeria,Maize (corn),2011,25.673698630136983,1714.9,5.8,294.0,211.0,5456540.0,8878456.0,1627.1
Nigeria,Maize (corn),2012,25.44426229508197,2327.5,5.8,294.0,211.0,5751300.0,8694900.0,1511.8
Nigeria,Maize (corn),2013,25.67945205479452,2247.1,5.8,294.0,211.0,5762700.0,8422670.0,1461.6
Nigeria,Maize (corn),2014,25.568493150684933,2401.5,5.8,294.0,211.0,6346551.0,10790600.0,1700.2
Nigeria,Maize (corn),2015,25.776164383561643,1916.9,5.8,294.0,211.0,5550360.0,9540190.0,1718.8
Nigeria,Maize (corn),2016,26.020491803278688,2212.6,5.8,294.0,211.0,5904906.0,10532340.0,1783.7
Nigeria,Maize (corn),2017,26.0586301369863,1284.0,5.8,294.0,211.0,6389296.0,10632299.0,1664.1
Nigeria,Maize (corn),2018,25.59397260273973,1673.5,5.8,294.0,211.0,6541183.0,10934149.0,1671.6
Nigeria,Maize (corn),2019,25.34520547945205,1907.3,5.8,294.0,211.0,6783924.0,12598945.0,1857.2
Nigeria,Maize (corn),2020,25.708743169398907,1339.8,5.8,294.0,211.0,6048600.0,12403300.0,2050.6
Nigeria,Maize (corn),2021,25.718082191780823,1324.9,5.8,294.0,211.0,6205280.0,12744450.0,2053.8
Nigeria,Maize (corn),2022,25.193972602739723,1408.7,5.8,294.0,211.0,5800000.0,12948920.0,2232.6
Nigeria,Maize (corn),2023,25.32767123287672,1036.3,5.8,294.0,211.0,5700000.0,11053000.0,1939.1
Nigeria,Millet,2000,25.587158469945354,1892.5,5.8,294.0,211.0,5814000.0,6105000.0,1050.1
Nigeria,Millet,2001,25.54794520547945,1956.0,5.8,294.0,211.0,4254000.0,5530000.0,1300.0
Nigeria,Millet,2002,25.64109589041096,1850.4,5.8,294.0,211.0,4490000.0,5884000.0,1310.5
Nigeria,Millet,2003,25.87890410958904,1735.3,5.8,294.0,211.0,4536000.0,6260000.0,1380.1
Nigeria,Millet,2004,25.696994535519128,1999.7,5.8,294.0,211.0,4620000.0,6699000.0,1450.0
Nigeria,Millet,2005,26.118356164383563,1818.4,5.8,294.0,211.0,4685000.0,7168000.0,1530.0
Nigeria,Millet,2006,26.037534246575344,1967.0,5.8,294.0,211.0,4971000.0,7705000.0,1550.0
Nigeria,Millet,2007,25.66219178082192,1864.2,5.8,294.0,211.0,5056000.0,8090000.0,1600.1
Nigeria,Millet,2008,25.465300546448084,1926.0,5.8,294.0,211.0,4904000.0,9064000.0,1848.3
Nigeria,Millet,2009,25.79671232876712,2054.8,5.8,294.0,211.0,3787730.0,4929950.0,1301.6
Nigeria,Millet,2010,26.05917808219178,1957.4,5.8,294.0,211.0,4364140.0,5170430.0,1184.8
Nigeria,Millet,2011,25.673698630136983,1714.9,5.8,294.0,211.0,2827090.0,1271370.0,449.7
Nigeria,Millet,2012,25.44426229508197,2327.5,5.8,294.0,211.0,1328200.0,1280700.0,964.2
Nigeria,Millet,2013,25.67945205479452,2247.1,5.8,294.0,211.0,1485200.0,909560.0,612.4
Nigeria,Millet,2014,25.568493150684933,2401.5,5.8,294.0,211.0,1574400.0,1846200.0,1172.6
Nigeria,Millet,2015,25.776164383561643,1916.9,5.8,294.0,211.0,1742803.0,1807810.0,1037.3
Nigeria,Millet,2016,26.020491803278688,2212.6,5.8,294.0,211.0,1737830.0,1487220.0,855.8
Nigeria,Millet,2017,26.0586301369863,1284.0,5.8,294.0,211.0,1800069.0,1528250.0,849.0
Nigeria,Millet,2018,25.59397260273973,1673.5,5.8,294.0,211.0,1734330.0,1879340.0,1083.6
Nigeria,Millet,2019,25.34520547945205,1907.3,5.8,294.0,211.0,1747800.0,1925075.0,1101.4
Nigeria,Millet,2020,25.708743169398907,1339.8,5.8,294.0,211.0,1762280.0,1905430.0,1081.2
Nigeria,Millet,2021,25.718082191780823,1324.9,5.8,294.0,211.0,1767390.0,1926950.0,1090.3
Nigeria,Millet,2022,25.193972602739723,1408.7,5.8,294.0,211.0,2000000.0,1941220.0,970.6
Nigeria,Millet,2023,25.32767123287672,1036.3,5.8,294.0,211.0,2000000.0,1559000.0,779.5
Nigeria,Rice,2000,25.587158469945354,1892.5,5.8,294.0,211.0,2199000.0,3298000.0,1499.8
Nigeria,Rice,2001,25.54794520547945,1956.0,5.8,294.0,211.0,2117000.0,2752000.0,1300.0
Nigeria,Rice,2002,25.64109589041096,1850.4,5.8,294.0,211.0,2185000.0,2928000.0,1340.0
Nigeria,Rice,2003,25.87890410958904,1735.3,5.8,294.0,211.0,2210000.0,3116000.0,1410.0
Nigeria,Rice,2004,25.696994535519128,1999.7,5.8,294.0,211.0,2348000.0,3334000.0,1419.9
Nigeria,Rice,2005,26.118356164383563,1818.4,5.8,294.0,211.0,2494000.0,3567000.0,1430.2
Nigeria,Rice,2006,26.037534246575344,1967.0,5.8,294.0,211.0,2725000.0,4042000.0,1483.3
Nigeria,Rice,2007,25.66219178082192,1864.2,5.8,294.0,211.0,2451000.0,3186000.0,1299.9
Nigeria,Rice,2008,25.465300546448084,1926.0,5.8,294.0,211.0,2382000.0,4179000.0,1754.4
Nigeria,Rice,2009,25.79671232876712,2054.8,5.8,294.0,211.0,1836880.0,3546250.0,1930.6
Nigeria,Rice,2010,26.05917808219178,1957.4,5.8,294.0,211.0,2432630.0,4472520.0,1838.6
Nigeria,Rice,2011,25.673698630136983,1714.9,5.8,294.0,211.0,2269410.0,4612614.0,2032.5
Nigeria,Rice,2012,25.44426229508197,2327.5,5.8,294.0,211.0,2863815.0,5432930.0,1897.1
Nigeria,Rice,2013,25.67945205479452,2247.1,5.8,294.0,211.0,2931800.0,5818200.0,1984.5
Nigeria,Rice,2014,25.568493150684933,2401.5,5.8,294.0,211.0,3095900.0,6690000.0,2160.9
Nigeria,Rice,2015,25.776164383561643,1916.9,5.8,294.0,211.0,3651200.0,7573400.0,2074.2
Nigeria,Rice,2016,26.020491803278688,2212.6,5.8,294.0,211.0,3898900.0,7812200.0,2003.7
Nigeria,Rice,2017,26.0586301369863,1284.0,5.8,294.0,211.0,3765000.0,7835100.0,2081.0
Nigeria,Rice,2018,25.59397260273973,1673.5,5.8,294.0,211.0,4065500.0,8403300.0,2067.0
Nigeria,Rice,2019,25.34520547945205,1907.3,5.8,294.0,211.0,4126670.0,8435510.0,2044.1
Nigeria,Rice,2020,25.708743169398907,1339.8,5.8,294.0,211.0,4195100.0,8171800.0,1947.9
Nigeria,Rice,2021,25.718082191780823,1324.9,5.8,294.0,211.0,4320100.0,8342000.0,1931.0
Nigeria,Rice,2022,25.193972602739723,1408.7,5.8,294.0,211.0,4580000.0,8502000.0,1856.3
Nigeria,Rice,2023,25.32767123287672,1036.3,5.8,294.0,211.0,4509800.0,8902200.0,1974.0
Nigeria,Sorghum,2000,25.587158469945354,1892.5,5.8,294.0,211.0,6885000.0,7711000.0,1120.0
Nigeria,Sorghum,2001,25.54794520547945,1956.0,5.8,294.0,211.0,6437000.0,7081000.0,1100.0
Nigeria,Sorghum,2002,25.64109589041096,1850.4,5.8,294.0,211.0,6849000.0,7534000.0,1100.0
Nigeria,Sorghum,2003,25.87890410958904,1735.3,5.8,294.0,211.0,6935000.0,8016000.0,1155.9
Nigeria,Sorghum,2004,25.696994535519128,1999.7,5.8,294.0,211.0,7031000.0,8578000.0,1220.0
Nigeria,Sorghum,2005,26.118356164383563,1818.4,5.8,294.0,211.0,7284000.0,9178000.0,1260.0
Nigeria,Sorghum,2006,26.037534246575344,1967.0,5.8,294.0,211.0,7308000.0,9866000.0,1350.0
Nigeria,Sorghum,2007,25.66219178082192,1864.2,5.8,294.0,211.0,7812000.0,9058000.0,1159.5
Nigeria,Sorghum,2008,25.465300546448084,1926.0,5.8,294.0,211.0,7617000.0,9318000.0,1223.3
Nigeria,Sorghum,2009,25.79671232876712,2054.8,5.8,294.0,211.0,4736830.0,5279170.0,1114.5
Nigeria,Sorghum,2010,26.05917808219178,1957.4,5.8,294.0,211.0,4960130.0,7140970.0,1439.7
Nigeria,Sorghum,2011,25.673698630136983,1714.9,5.8,294.0,211.0,4661867.0,5690145.0,1220.6
Nigeria,Sorghum,2012,25.44426229508197,2327.5,5.8,294.0,211.0,5099975.0,5837106.0,1144.5
Nigeria,Sorghum,2013,25.67945205479452,2247.1,5.8,294.0,211.0,5449200.0,5300270.0,972.7
Nigeria,Sorghum,2014,25.568493150684933,2401.5,5.8,294.0,211.0,5702160.0,6883294.0,1207.1
Nigeria,Sorghum,2015,25.776164383561643,1916.9,5.8,294.0,211.0,5899134.0,7005025.0,1187.5
Nigeria,Sorghum,2016,26.020491803278688,2212.6,5.8,294.0,211.0,5472010.0,7556076.0,1380.9
Nigeria,Sorghum,2017,26.0586301369863,1284.0,5.8,294.0,211.0,5820000.0,6939000.0,1192.3
Nigeria,Sorghum,2018,25.59397260273973,1673.5,5.8,294.0,211.0,5628899.0,6800000.0,1208.1
Nigeria,Sorghum,2019,25.34520547945205,1907.3,5.8,294.0,211.0,5397000.0,6665000.0,1234.9
Nigeria,Sorghum,2020,25.708743169398907,1339.8,5.8,294.0,211.0,5799600.0,6590600.0,1136.4
Nigeria,Sorghum,2021,25.718082191780823,1324.9,5.8,294.0,211.0,5930900.0,6725500.0,1134.0
Nigeria,Sorghum,2022,25.193972602739723,1408.7,5.8,294.0,211.0,5700000.0,6806370.0,1194.1
Nigeria,Sorghum,2023,25.32767123287672,1036.3,5.8,294.0,211.0,5700000.0,6402000.0,1123.2
Senegal,"Cassava, fresh",2000,28.592896174863387,399.2,6.6,77.0,195.0,27179.0,132859.0,4888.3
Senegal,"Cassava, fresh",2001,29.0427397260274,313.0,6.6,77.0,195.0,27794.0,137893.0,4961.3
Senegal,"Cassava, fresh",2002,29.08356164383561,358.1,6.6,77.0,195.0,21408.0,106960.0,4996.3
Senegal,"Cassava, fresh",2003,28.473424657534245,432.8,6.6,77.0,195.0,36061.0,181721.0,5039.3
Senegal,"Cassava, fresh",2004,28.644262295081965,336.6,6.6,77.0,195.0,59585.0,401448.0,6737.4
Senegal,"Cassava, fresh",2005,28.90712328767124,329.4,6.6,77.0,195.0,26040.0,281448.0,10808.3
Senegal,"Cassava, fresh",2006,28.82246575342466,246.0,6.6,77.0,195.0,19464.0,120041.0,6167.3
Senegal,"Cassava, fresh",2007,28.72328767123288,305.7,6.6,77.0,195.0,61248.0,308312.0,5033.8
Senegal,"Cassava, fresh",2008,28.48196721311476,489.4,6.6,77.0,195.0,113205.0,920866.0,8134.5
Senegal,"Cassava, fresh",2009,28.57123287671233,365.8,6.6,77.0,195.0,32418.0,265533.0,8190.9
Senegal,"Cassava, fresh",2010,29.10849315068493,427.0,6.6,77.0,195.0,25206.0,181236.12,7190.2
Senegal,"Cassava, fresh",2011,28.733698630136985,329.9,6.6,77.0,195.0,20672.0,154879.0,7492.2
Senegal,"Cassava, fresh",2012,28.232786885245904,466.7,6.6,77.0,195.0,23600.0,194472.0,8240.3
Senegal,"Cassava, fresh",2013,28.72328767123288,300.2,6.6,77.0,195.0,23600.0,189469.0,8028.3
Senegal,"Cassava, fresh",2014,28.7882191780822,296.8,6.6,77.0,195.0,20868.0,146031.0,6997.8
Senegal,"Cassava, fresh",2015,28.63808219178082,418.3,6.6,77.0,195.0,31394.0,257259.0,8194.5
Senegal,"Cassava, fresh",2016,29.221584699453555,457.8,6.6,77.0,195.0,40268.0,439571.0,10916.1
Senegal,"Cassava, fresh",2017,29.08,440.5,6.6,77.0,195.0,60513.0,695120.0,11487.1
Senegal,"Cassava, fresh",2018,28.917534246575343,368.0,6.6,77.0,195.0,63857.0,760455.0,11908.7
Senegal,"Cassava, fresh",2019,29.59315068493151,319.5,6.6,77.0,195.0,86624.0,1023738.0,11818.2
Senegal,"Cassava, fresh",2020,29.799180327868854,755.9,6.6,77.0,195.0,96476.0,1346474.34,13956.6
Senegal,"Cassava, fresh",2021,30.094246575342464,354.9,6.6,77.0,195.0,96203.0,1328888.71,13813.4
Senegal,"Cassava, fresh",2022,28.92712328767124,688.3,6.6,77.0,195.0,96746.0,1322803.0,13672.9
Senegal,"Cassava, fresh",2023,30.223561643835616,468.4,6.6,77.0,195.0,96797.0,1388741.0,14346.9
Senegal,Maize (corn),2000,28.592896174863387,399.2,6.6,77.0,195.0,70715.0,78593.0,1111.4
Senegal,Maize (corn),2001,29.0427397260274,313.0,6.6,77.0,195.0,88399.0,108546.0,1227.9
Senegal,Maize (corn),2002,29.08356164383561,358.1,6.6,77.0,195.0,108114.0,80372.0,743.4
Senegal,Maize (corn),2003,28.473424657534245,432.8,6.6,77.0,195.0,175575.0,400907.0,2283.4
Senegal,Maize (corn),2004,28.644262295081965,336.6,6.6,77.0,195.0,147298.0,400555.0,2719.4
Senegal,Maize (corn),2005,28.90712328767124,329.4,6.6,77.0,195.0,143039.0,399958.0,2796.1
Senegal,Maize (corn),2006,28.82246575342466,246.0,6.6,77.0,195.0,130461.0,181585.0,1391.9
Senegal,Maize (corn),2007,28.72328767123288,305.7,6.6,77.0,195.0,143769.0,158266.0,1100.8
Senegal,Maize (corn),2008,28.48196721311476,489.4,6.6,77.0,195.0,216517.0,397326.0,1835.1
Senegal,Maize (corn),2009,28.57123287671233,365.8,6.6,77.0,195.0,178710.0,291301.0,1630.0
Senegal,Maize (corn),2010,29.10849315068493,427.0,6.6,77.0,195.0,121235.0,186511.03,1538.4
Senegal,Maize (corn),2011,28.733698630136985,329.9,6.6,77.0,195.0,109517.0,124092.0,1133.1
Senegal,Maize (corn),2012,28.232786885245904,466.7,6.6,77.0,195.0,147699.0,228422.65,1546.5
Senegal,Maize (corn),2013,28.72328767123288,300.2,6.6,77.0,195.0,156576.0,225902.0,1442.8
Senegal,Maize (corn),2014,28.7882191780822,296.8,6.6,77.0,195.0,146361.0,178732.0,1221.2
Senegal,Maize (corn),2015,28.63808219178082,418.3,6.6,77.0,195.0,199502.0,304296.0,1525.3
Senegal,Maize (corn),2016,29.221584699453555,457.8,6.6,77.0,195.0,219453.0,400462.0,1824.8
Senegal,Maize (corn),2017,29.08,440.5,6.6,77.0,195.0,231659.0,410364.0,1771.4
Senegal,Maize (corn),2018,28.917534246575343,368.0,6.6,77.0,195.0,250891.0,485672.51,1935.8
Senegal,Maize (corn),2019,29.59315068493151,319.5,6.6,77.0,195.0,258391.0,530704.97,2053.9
Senegal,Maize (corn),2020,29.799180327868854,755.9,6.6,77.0,195.0,286977.0,761883.04,2654.9
Senegal,Maize (corn),2021,30.094246575342464,354.9,6.6,77.0,195.0,284955.0,754620.83,2648.2
Senegal,Maize (corn),2022,28.92712328767124,688.3,6.6,77.0,195.0,277243.0,787750.0,2841.4
Senegal,Maize (corn),2023,30.223561643835616,468.4,6.6,77.0,195.0,278149.0,855033.0,3074.0
Senegal,Millet,2000,28.592896174863387,399.2,6.6,77.0,195.0,842124.0,600221.0,712.7
Senegal,Millet,2001,29.0427397260274,313.0,6.6,77.0,195.0,801074.0,556655.0,694.9
Senegal,Millet,2002,29.08356164383561,358.1,6.6,77.0,195.0,819580.0,414820.0,506.1
Senegal,Millet,2003,28.473424657534245,432.8,6.6,77.0,195.0,857458.0,628426.0,732.9
Senegal,Millet,2004,28.644262295081965,336.6,6.6,77.0,195.0,686929.0,323752.0,471.3
Senegal,Millet,2005,28.90712328767124,329.4,6.6,77.0,195.0,800763.0,608551.0,760.0
Senegal,Millet,2006,28.82246575342466,246.0,6.6,77.0,195.0,748311.0,494345.0,660.6
Senegal,Millet,2007,28.72328767123288,305.7,6.6,77.0,195.0,686892.0,318822.0,464.2
Senegal,Millet,2008,28.48196721311476,489.4,6.6,77.0,195.0,883619.0,678171.0,767.5
Senegal,Millet,2009,28.57123287671233,365.8,6.6,77.0,195.0,1051668.0,810121.0,770.3
Senegal,Millet,2010,29.10849315068493,427.0,6.6,77.0,195.0,1033157.0,813295.0,787.2
Senegal,Millet,2011,28.733698630136985,329.9,6.6,77.0,195.0,779803.0,480759.0,616.5
Senegal,Millet,2012,28.232786885245904,466.7,6.6,77.0,195.0,817471.0,662614.0,810.6
Senegal,Millet,2013,28.72328767123288,300.2,6.6,77.0,195.0,754274.0,515365.0,683.3
Senegal,Millet,2014,28.7882191780822,296.8,6.6,77.0,195.0,715996.0,408993.0,571.2
Senegal,Millet,2015,28.63808219178082,418.3,6.6,77.0,195.0,922008.0,749874.0,813.3
Senegal,Millet,2016,29.221584699453555,457.8,6.6,77.0,195.0,935232.0,698643.0,747.0
Senegal,Millet,2017,29.08,440.5,6.6,77.0,195.0,940880.0,875484.0,930.5
Senegal,Millet,2018,28.917534246575343,368.0,6.6,77.0,195.0,930122.0,897574.18,965.0
Senegal,Millet,2019,29.59315068493151,319.5,6.6,77.0,195.0,880408.0,807044.07,916.7
Senegal,Millet,2020,29.799180327868854,755.9,6.6,77.0,195.0,1023065.0,1144854.92,1119.0
Senegal,Millet,2021,30.094246575342464,354.9,6.6,77.0,195.0,968218.0,1039859.75,1074.0
Senegal,Millet,2022,28.92712328767124,688.3,6.6,77.0,195.0,969693.0,1097033.0,1131.3
Senegal,Millet,2023,30.223561643835616,468.4,6.6,77.0,195.0,1005909.0,1260709.0,1253.3
Senegal,Rice,2000,28.592896174863387,399.2,6.6,77.0,195.0,86252.0,202293.0,2345.4
Senegal,Rice,2001,29.0427397260274,313.0,6.6,77.0,195.0,87230.0,206989.0,2372.9
Senegal,Rice,2002,29.08356164383561,358.1,6.6,77.0,195.0,76025.0,172395.0,2267.6
Senegal,Rice,2003,28.473424657534245,432.8,6.6,77.0,195.0,87814.0,231805.0,2639.7
Senegal,Rice,2004,28.644262295081965,336.6,6.6,77.0,195.0,81486.0,201744.0,2475.8
Senegal,Rice,2005,28.90712328767124,329.4,6.6,77.0,195.0,97779.0,279080.0,2854.2
Senegal,Rice,2006,28.82246575342466,246.0,6.6,77.0,195.0,85037.0,190493.0,2240.1
Senegal,Rice,2007,28.72328767123288,305.7,6.6,77.0,195.0,80312.0,193379.0,2407.8
Senegal,Rice,2008,28.48196721311476,489.4,6.6,77.0,195.0,125329.0,408219.0,3257.2
Senegal,Rice,2009,28.57123287671233,365.8,6.6,77.0,195.0,139388.0,502104.0,3602.2
Senegal,Rice,2010,29.10849315068493,427.0,6.6,77.0,195.0,147208.0,604043.3,4103.3
Senegal,Rice,2011,28.733698630136985,329.9,6.6,77.0,195.0,109177.0,405824.0,3717.1
Senegal,Rice,2012,28.232786885245904,466.7,6.6,77.0,195.0,117729.0,469649.0,3989.2
Senegal,Rice,2013,28.72328767123288,300.2,6.6,77.0,195.0,108547.0,436153.0,4018.1
Senegal,Rice,2014,28.7882191780822,296.8,6.6,77.0,195.0,134973.0,559021.0,4141.7
Senegal,Rice,2015,28.63808219178082,418.3,6.6,77.0,195.0,237300.0,906348.0,3819.4
Senegal,Rice,2016,29.221584699453555,457.8,6.6,77.0,195.0,283501.0,950779.0,3353.7
Senegal,Rice,2017,29.08,440.5,6.6,77.0,195.0,305934.0,1011269.0,3305.5
Senegal,Rice,2018,28.917534246575343,368.0,6.6,77.0,195.0,323635.0,1206587.27,3728.2
Senegal,Rice,2019,29.59315068493151,319.5,6.6,77.0,195.0,345596.0,1155730.28,3344.2
Senegal,Rice,2020,29.799180327868854,755.9,6.6,77.0,195.0,403727.0,1349723.01,3343.2
Senegal,Rice,2021,30.094246575342464,354.9,6.6,77.0,195.0,380993.0,1382119.93,3627.7
Senegal,Rice,2022,28.92712328767124,688.3,6.6,77.0,195.0,372413.0,1409120.0,3783.8
Senegal,Rice,2023,30.223561643835616,468.4,6.6,77.0,195.0,398193.0,1519700.0,3816.5
Senegal,Sorghum,2000,28.592896174863387,399.2,6.6,77.0,195.0,165394.0,143750.0,869.1
Senegal,Sorghum,2001,29.0427397260274,313.0,6.6,77.0,195.0,174724.0,149649.0,856.5
Senegal,Sorghum,2002,29.08356164383561,358.1,6.6,77.0,195.0,199757.0,116929.0,585.4
Senegal,Sorghum,2003,28.473424657534245,432.8,6.6,77.0,195.0,208363.0,189787.0,910.8
Senegal,Sorghum,2004,28.644262295081965,336.6,6.6,77.0,195.0,163130.0,126492.0,775.4
Senegal,Sorghum,2005,28.90712328767124,329.4,6.6,77.0,195.0,149173.0,143989.0,965.2
Senegal,Sorghum,2006,28.82246575342466,246.0,6.6,77.0,195.0,159063.0,121003.0,760.7
Senegal,Sorghum,2007,28.72328767123288,305.7,6.6,77.0,195.0,155919.0,100704.0,645.9
Senegal,Sorghum,2008,28.48196721311476,489.4,6.6,77.0,195.0,249297.0,251515.0,1008.9
Senegal,Sorghum,2009,28.57123287671233,365.8,6.6,77.0,195.0,240425.0,224956.0,935.7
Senegal,Sorghum,2010,29.10849315068493,427.0,6.6,77.0,195.0,174264.0,162598.88,933.1
Senegal,Sorghum,2011,28.733698630136985,329.9,6.6,77.0,195.0,135960.0,86865.0,638.9
Senegal,Sorghum,2012,28.232786885245904,466.7,6.6,77.0,195.0,143271.0,137574.0,960.2
Senegal,Sorghum,2013,28.72328767123288,300.2,6.6,77.0,195.0,108803.0,92029.0,845.8
Senegal,Sorghum,2014,28.7882191780822,296.8,6.6,77.0,195.0,125066.0,102323.0,818.2
Senegal,Sorghum,2015,28.63808219178082,418.3,6.6,77.0,195.0,200737.0,188500.0,939.0
Senegal,Sorghum,2016,29.221584699453555,457.8,6.6,77.0,195.0,220811.0,193452.0,876.1
Senegal,Sorghum,2017,29.08,440.5,6.6,77.0,195.0,221329.0,215491.0,973.6
Senegal,Sorghum,2018,28.917534246575343,368.0,6.6,77.0,195.0,247678.0,295463.11,1192.9
Senegal,Sorghum,2019,29.59315068493151,319.5,6.6,77.0,195.0,238833.0,270168.31,1131.2
Senegal,Sorghum,2020,29.799180327868854,755.9,6.6,77.0,195.0,278101.0,377322.86,1356.8
Senegal,Sorghum,2021,30.094246575342464,354.9,6.6,77.0,195.0,265387.0,352474.34,1328.1
Senegal,Sorghum,2022,28.92712328767124,688.3,6.6,77.0,195.0,270168.0,363164.0,1344.2
Senegal,Sorghum,2023,30.223561643835616,468.4,6.6,77.0,195.0,276413.0,364577.0,1319.0
